"Y","X1","X2","X3","X4","X5","X6","X7","X8","X9","X10","X11","X12","X13","X14","X15","X16","X17","X18","X19","X20","X21","X22","X23","X24","X25","X26","X27","X28","Z1","Z2","Z3","Z4","Z5","Z6","Z7","Z8","Z9","Z10","Z11","Z12"
1,0.726838901731248,-0.809440901865235,0.267085115955233,-1.73726371053359,-1.41142513580887,-0.453551226778487,-1.03549127536806,1.36214289325928,0.917456736975022,-0.785142161076832,0.573518173147265,0.918196207737772,0.256287272985725,0.351966555937571,1.1743373570956,-0.480846375289203,-0.418829722135601,0.955112803220351,-1.28900661094787,0.186197433075043,-0.0313255019472277,0.46709730984657,1.02419767420456,0.267358452234395,0.2318261028602,0.747592464522409,1.21706851052422,0.383358345168268,0,0,1,0,1,1,1,0,1,0,1,0
0,-0.853818454354972,-0.989994330748501,-0.650877736923895,1.05394666049401,-0.39087803343083,-0.0705863936100801,-0.462050809497045,0.540908266990262,0.931634970926501,-0.209274345208391,0.61735004847214,-0.40507751269335,1.05310376278932,0.602284246232936,1.01746117679617,0.608167318012025,0.206735995446507,-1.89772729179401,-0.68258283167826,0.48133841544876,-0.46303103800246,-0.279741695780017,-0.413690144551152,1.61876652099431,-0.721055710863809,-0.453093157328089,0.014257160811718,0.215764621195314,1,0,0,1,1,0,1,0,1,0,0,1
1,0.693506589871361,0.143156356167511,1.4928135601807,-1.6321534789575,0.12784602334533,-2.40366372713006,1.44392825556698,-0.878893050307905,-1.30643832721565,-0.877198992586869,-1.16438045948955,-1.98234768005538,-0.989944234863605,-0.151684601165901,0.912506790648764,0.407669808244511,-1.24218437520505,-0.642694411890814,1.93024368882515,0.410199364014196,-1.29134932097171,2.63504537476528,0.487072288230247,0.853892317945874,1.08844270545127,0.226013957088833,0.0681988375620624,-0.984815532656021,0,1,0,1,1,1,1,1,1,0,1,1
1,0.23457535394817,-0.418696587502387,0.238220089961787,-0.550588192070412,-0.500602768521941,1.1638974920419,2.15553695442591,-1.7091570091025,-1.60082261512345,-1.0385534134627,0.323094220611287,-0.888847153735171,0.3936789818851,0.236541468066941,-0.430496813486944,-0.547933126335118,-1.32225165883552,0.682126749381193,2.16278948153203,-0.416669649292736,-1.35731789692656,-0.671226461919544,0.649918243452913,0.771291174771078,2.676631927184,-1.37087142125381,0.0577591454957988,-0.197067508167649,0,0,0,1,1,0,0,1,0,1,0,0
0,-0.356586880965786,-0.915640124618206,0.84948548504269,-0.489607238111241,0.72798321018935,-0.619313218693137,0.343735542961966,1.81362540071179,1.45322682994325,0.412429442986898,0.201975959374269,1.6843468984371,-0.964824477934323,0.662155194244673,-0.553343993996373,2.4442052305831,-0.304629836391734,-0.117369868521579,0.969428787182149,0.590939629942608,-1.20895840152338,-0.301928423405719,0.401260475153064,-1.68836824139817,-0.712992471377998,-0.254300336659769,-1.00156682847146,-0.924100353562189,1,0,0,1,1,1,1,1,0,1,1,1
0,-0.535063085357124,1.36810622208781,0.141844290128259,-0.782814968938758,1.8815187328925,0.552922864647224,-1.84485658343704,-0.550307913693532,-0.0260147586255493,-2.15925036158022,1.77060008042958,0.760473482259884,-0.484542846011335,-0.472763899270112,0.331672074635603,-0.972300797567718,-0.531244209394754,0.0620367401525267,0.103529987996147,1.16979932885033,0.394189201119853,-0.134102361388394,-0.37987556581549,1.27866658154378,-0.699332309465086,0.564250525635165,0.30294195582072,0.215441156773105,1,0,0,0,0,1,1,0,1,1,1,0
1,0.685862075868623,-0.581662539544635,-0.684552909618883,0.378472922095718,1.31295740961512,0.314021520855362,-0.502185173920534,1.25211460352075,-0.303155378030686,0.811231864444795,-1.25937879354088,0.762987289195526,-0.803453540328042,-0.379383916802447,-1.3664942854469,3.51929906496364,-1.21314849702287,0.19435731729777,0.0943656371760579,-0.878491418607912,0.260435858755873,0.657707062877916,0.765796529515082,-2.23536062610717,-0.90282611690449,-0.166383834831365,-0.0654994166920755,-0.505638020975949,1,1,0,1,0,1,1,1,0,0,1,0
1,-1.92936481925644,-0.470260856694409,0.534387833963728,-0.921049942708458,0.684374352625154,1.52207877011107,0.194613304936786,1.69722471750842,0.278068186217471,-0.57101046284849,-0.157879439990818,2.48833935348953,1.07136909403715,0.342219076543543,0.22132742664584,0.0683627420600239,0.307421602410495,1.50863386351864,0.615842239100209,0.0898120180865935,-2.39845273021873,0.047807290795695,0.336143355029923,0.434845736031287,0.211023628999044,0.110793489009231,-1.99332291069587,1.50501570513764,1,1,1,1,0,0,1,1,0,1,1,0
1,1.3702228952761,-0.51535734778425,-0.718232806075279,-0.177242285436826,-0.401576463316867,0.82988356762154,-0.785806614357914,-0.938501216545229,0.417806768012897,2.09809784365105,-0.448862341713322,-1.09528809249021,-0.528972750462017,-0.484793938050574,0.127757042047722,-0.0746731068242028,-0.359162135552005,-2.04848055899444,-0.751180020591766,-1.58138300017688,-0.289776057557468,-0.691954528017806,-0.171987945727381,-0.222564010232925,0.919241278830663,-1.11006548009487,-0.660888997206273,-0.873774912310044,0,1,1,1,1,1,0,1,1,1,1,1
1,-0.478000049218653,-0.368681625283169,-0.51616612718285,0.396937689328507,-0.314871760008677,-0.68468980072307,1.63224778896626,-0.684533761447407,-0.313076969554707,-0.640032652356013,0.635304357750792,0.0248483659564142,0.227622211582782,-0.246068246382641,0.0242238293596929,-1.24458246570898,-1.20597453953542,0.27309395035297,1.72941403358424,-1.06495086886085,-0.113736688343385,-0.643751470929205,0.94064841775595,1.91881017592712,-1.00604555006459,0.547082630414592,0.033847058553478,-0.315828929422014,1,0,1,1,1,0,1,0,0,0,1,1
0,0.0139697082718601,-1.63342399463837,0.488932473220348,-1.01917940918694,1.09055348287299,-1.13946980501461,-0.0157256350064069,0.297491282255578,3.20059004003662,0.0892442443607124,0.570972337991816,0.528685630437889,-0.440904798220598,-0.672793368361675,2.1543133646786,0.593852716305034,-0.384063768034352,0.719783276190884,1.70817340195917,1.0752156674707,0.777420367218823,0.0522000469089499,-1.08369848503604,-0.00885620685570213,2.03064311217879,-1.11332893323556,1.13827192457753,-0.614892642148783,0,0,0,1,1,1,1,0,1,0,0,0
1,1.67997271141133,-2.54585803767823,0.0120787840592088,1.96092511116564,-0.38590548117481,0.910757547917135,-1.44813079419659,-1.12161459621785,-0.973617905845397,-0.0671869219070165,-2.13984191307662,-1.26347924402607,0.0833079688111455,0.188325129733483,0.189814193437296,0.217615352340191,-0.648814141753812,0.254774383042175,-0.468830014652367,-1.19251005383654,0.121228235149192,-1.03593265761599,-0.191888294753037,-0.970546336475014,0.0577719376499508,-2.11069267463543,0.978176273987991,0.371021736763146,1,1,0,1,0,1,0,1,1,0,1,0
1,0.0679883522527727,-0.18479715555372,-1.40369161519526,0.22974070554948,-0.889081301455342,-0.160401176699246,-0.242136793666701,-0.0288371963254338,-0.316215474202576,-0.416160087423757,-1.02389595702584,1.09949527510838,0.817712470472225,0.168875509627894,0.0386654404296631,1.07817489177223,0.379427297093952,-1.0781745589611,0.1887634682949,1.58313350755126,-0.250112295192329,0.342994219408151,-0.124701883040672,-0.993314763000924,-1.02143908506854,0.840642927855057,0.849573118216631,0.469618942059234,0,0,0,1,0,1,0,0,0,0,1,0
1,0.192142595122233,-1.4272779916877,0.400991027979911,1.16156495604422,0.326346804548487,-1.01498227342217,0.101258362282727,0.991893279144859,1.10265075868512,0.280375016585326,-0.40617740968746,1.28641269014474,-0.254030578611125,-1.14444870371457,0.266410910145336,0.636855748339723,-1.40211509269934,-1.51182482701675,-0.301192859263558,0.491361148882515,-0.898156495778617,-1.57505481446542,-0.50325666692367,-0.622908440965937,-0.68482998969985,-0.221516764407605,0.388050832693751,-0.806316455707094,0,1,0,1,0,1,0,0,0,0,1,1
0,0.175989014244968,-0.437523579209306,0.942726153510003,0.891044960169524,-1.691785957616,-0.712147392797863,-0.332268892169195,0.983033452913094,-0.988041784107107,0.265546446102728,-0.728186154859434,1.37540501347234,-0.599264332527304,-0.272173201534623,0.405324773289859,0.846734123392188,0.51812598374231,1.57941377090421,-0.112951698153065,-0.484652932252766,-2.37785382610832,-0.636048007058581,0.0356637704058002,-0.109166876651186,-1.87130516152549,-0.0793330902919474,-0.318596855745702,0.118181118528416,1,0,1,1,1,0,0,0,1,0,0,1
1,-1.43983403498464,0.532564109238549,-1.04692877417166,0.0873858808968386,-0.174111690563423,-0.533826330752006,0.0993177469309301,-1.02010709907362,0.430041831609128,1.50284775908329,-0.270760795456567,0.871555415444551,-1.21629381039859,-1.89273866855187,-0.822382570615711,0.751782015106246,0.773574518195125,-1.78753225779814,0.0888174691683185,-0.180052903941443,-1.47171490211257,0.490094946836871,-0.39783320573725,-0.169679441515955,-2.21498282017586,1.00814523622217,0.524260695350375,0.264820635414333,0,0,1,0,1,1,1,0,0,1,0,1
1,0.298893719554523,-0.862301036635239,-0.810138091454925,0.472555898039261,0.56849902535948,1.41309826938176,0.0588173803835373,-0.583447920860027,0.270123085110085,1.07804644095454,-0.146579621590822,-0.635253590559801,0.524084654555588,1.10514608087491,-0.501011902933204,0.424192601489133,-1.07735766174139,-0.625837490792486,0.840120570796171,-0.0594666093379881,-0.0772175456241131,0.416709627422925,-1.37991432825933,-1.48214993309924,0.122071410730749,1.19588744598501,-0.254062405328988,-0.344407316230196,0,0,0,0,0,1,0,1,0,0,1,1
1,1.10867473465783,-0.993200724890918,0.526099803019238,-0.768071012234494,0.529000050978135,0.14253799174781,-1.54049331300799,-0.776809098804251,-3.05329979077106,0.871474290184849,0.190962148522362,0.849572629067643,-0.563481732516642,1.20441692811002,1.70449268695667,-0.0580086062307087,0.770876716745685,-0.0276903237637729,1.30313109599706,-0.711585885729907,-0.771192048754771,-1.33890782481226,0.408160652421741,0.206537588657831,-0.224476303992067,-1.50402816379387,0.23879837892883,-0.440094481351812,1,1,0,0,1,0,1,0,0,1,1,0
1,0.583220592580043,0.280145009748221,1.3156103420696,-1.45267682132885,-1.15800914587246,-0.0471782849473468,0.162912345732494,0.940933129471099,-0.392834082732447,-0.562332042155776,1.50207340186661,-0.477261636507479,-0.750163568453846,-1.01805864952261,-1.05468949099768,-0.641345254037487,1.40453737258819,-0.0657513364809573,-0.0493926166298982,0.510827457203664,0.285062593199204,-0.0441797416432228,2.16061940817097,0.251437854721447,-0.757802743419261,2.0291143237164,-0.759754168978438,0.540998808107728,0,0,1,1,1,1,0,0,1,1,0,0
1,-2.05056446643636,0.0613371302251581,-0.494998448548058,0.479269669425239,0.751390595208391,0.172589244630542,-0.0608471939417329,0.636966353218179,-1.46398331997149,-0.849069592052241,0.508940074784398,0.632460950621911,1.16624474393333,0.390579178564258,-0.136916556173616,-1.09380424695063,-1.66979978920443,1.13194655461228,0.569647806656822,-0.629400068125348,-0.917405418164232,0.995658022396353,-0.889488175898296,1.32597674832391,0.340950620894849,1.26207649763014,2.18965737590005,1.86673642695964,1,0,0,0,1,1,1,1,0,0,0,0
0,1.24246435209046,-0.578908577725348,1.03207715776461,-0.19147750641498,-0.424186098277316,-2.39161310978064,1.64606534296415,-0.767060351355704,0.756270977294939,1.49270966685576,0.655936057577073,0.494717168603799,-0.253101874758356,-0.662941615306106,0.562125564107031,-0.779297892049364,0.85896227084219,0.934961144743394,-0.791952503589333,1.35948695181503,0.0196493770583745,-1.1859402915463,0.343632122706677,0.585487847279055,-1.43020067024092,1.01902939514536,0.320298932238955,-0.501576176334005,0,0,1,1,1,0,1,1,1,1,1,0
1,0.00702368245267149,-0.561537486175285,1.75595969741583,0.170426603809082,1.06519520385063,1.50415613051439,0.659959697487798,-0.838201076134374,0.394689059644926,-0.379625994301835,2.06677989580861,-1.02974976943026,-0.123095503700869,0.173957706627898,0.553190600318938,-0.759068677752689,0.0358295940393983,-0.00349506279039708,-0.220190415949739,-1.55768024639451,-0.238045955588948,0.424982481632039,-0.446779714975219,-1.40185478047072,-0.547414256607336,0.247941768965787,-1.3517025392188,1.28537467024255,1,0,1,1,0,0,1,0,0,1,0,0
1,0.75808091264091,0.977212322654187,1.48696042747284,0.809182023348782,1.04959129807971,-1.37831731487794,-1.16637973166843,0.450531662544837,0.553986739291487,0.171533785276136,-0.806881470393072,0.978852878201847,1.17103549771199,-0.254750998879401,-0.261779473604495,1.35700853700158,1.04819542767367,2.22889848555568,-1.47051881191538,-1.03125004138125,0.16481352743816,-1.24383815624965,0.116308173818454,1.19754737016148,-0.698130987572731,0.293604948199897,0.43729774381963,0.627762572507799,0,0,1,1,0,1,0,1,0,1,0,1
0,0.705544555929552,0.278350538802281,-1.20269214198598,0.642761817393919,-0.605973945046534,-1.37725761333741,-0.925992687176093,0.567243856885282,2.5954812602946,-0.239984547446167,0.687536401087501,-0.15178898623964,0.227544260027607,-0.668648038050746,0.0308290665834939,0.0284295576207017,-0.365455073633939,-2.20801219520531,0.297039427213591,2.1297006585474,1.32504114259431,-0.116171446679164,-1.47014622105188,-0.379271834503157,-1.46500593129247,1.07514826287029,-1.22612487686253,-3.05632823356306,1,1,1,0,0,0,1,0,0,1,0,0
1,0.796081555233963,0.533575458812998,1.22883977033092,-0.806926038390601,1.35350938008809,-1.76470223550273,-0.00502903294942987,0.427148835581707,0.210439868940295,-1.66618502763283,1.18484491484055,0.994269538566693,0.926746928005523,-0.264669919422841,-0.230248912720601,-0.504471531520212,-1.99083941542231,0.743978719075117,-0.556869869963276,-0.479309785852261,2.06204966775493,0.377783619390904,-0.774312046951223,1.38566638096575,-0.382460655084447,1.09817986980537,0.819689784328316,0.519038419528394,0,1,1,1,0,1,1,0,1,1,1,1
1,-0.368585787821875,1.71466463398684,0.831530613841552,-1.19672716574859,-0.200800599723121,1.36520138541541,-0.0281657687365421,-1.7599675868147,-0.60092052604957,0.621008765426985,-1.4049836515054,-1.90408385955086,-0.490777055590616,-0.535168433722322,-0.354350739492199,-1.80186080939969,-0.141873245641562,-1.5314567730284,0.747723934839112,-0.926862413925797,0.526354805959101,-0.403464041602954,-0.0310218797133406,0.524028725308633,0.95133049322534,1.43404103133401,1.21181382218265,-0.678845041463266,0,1,1,1,0,1,1,0,0,0,0,1
0,-0.772404813662725,-0.110845719405513,-1.23364537576825,1.33016234482615,-0.895406729807559,-0.00127998074748967,1.07575897316927,0.276793246837328,2.2314007835681,-0.316859000684161,-0.295703723559151,-0.281305423365017,0.0411617376333949,-0.714589455421071,2.52358596555452,0.233373320941601,0.0532262603320622,0.0073177350123561,-1.89612434460995,0.481091345298009,0.332006515270339,-0.645499077365682,-0.369269930022389,-0.416025972846947,0.575634029659043,-0.87932411469194,-0.809558962128487,0.492669769664849,0,0,1,1,0,1,1,0,0,0,1,0
0,-2.0050820002873,0.278055163147273,-0.700980773062711,0.64493470560345,0.698155586285013,0.997271008346857,-1.64328414955561,-0.80076253850813,0.242734033025822,-0.105718978068637,-0.179022876874045,-1.41907177699666,0.630890312847394,0.419810687954788,-0.776405159237143,-0.776618706658013,-1.02016780580931,0.167541765802105,-1.24760380577856,-1.25803334210978,0.240020414668239,0.353725524350827,-0.481369085774463,-1.84813266280621,-0.563933360979133,-0.970291131566068,-0.397560635321284,0.419044084491848,0,1,0,1,1,1,1,0,1,1,0,1
0,-0.870007366424273,0.0607469859204097,1.68684495420026,-0.463644992929379,0.878905564876369,-1.20265220078653,1.04723848959294,0.517740377061856,-0.639531318113182,-1.12191010329601,-2.241049039217,1.50202647855648,-1.10556138123662,0.407881343630961,-0.48903904281875,-1.30278893006924,-1.02161002915555,0.357181463124464,-0.641070302606154,-1.01506992810816,-0.111285440075939,-0.192083453849784,-0.909844152954699,0.389607757070514,-0.230077915086397,0.188027001426829,-2.02523228982825,-1.41425098300011,1,1,0,1,0,1,1,0,0,1,0,1
0,-0.930883565044335,0.530450436878163,-0.588282275499885,-0.170936829304726,1.36979426584307,0.218064674886963,0.0511991508279648,0.53085621023101,1.01660436703512,0.547817483422997,-0.110282402980702,0.216294854907696,-1.23442054147987,0.956060913204519,0.465151080640898,0.559690348801526,0.804260389193209,-1.23534220233024,-0.288793874633149,1.00628674229119,-0.128710546058709,-0.0550684474777211,-0.276857983081959,0.342512373103515,1.45527989517662,-0.759587121497866,0.0391281552100309,-0.0676216328187974,0,0,0,0,0,0,1,1,0,0,1,0
1,-0.0705184152841528,0.769255325036178,1.17237358756135,-0.217928854603596,-0.630064622346553,0.878182102127863,0.085282553573456,-1.08815781997673,0.432027981541109,2.13779867261241,0.0620628305186028,-0.706746704108098,-1.06004530373632,0.894291778461743,-0.0548458484934489,-0.239149846858015,-0.894878208683481,-0.338374432875917,-0.0103216208189106,-0.0320708051037715,0.092249788045975,-0.939953556534333,0.399016824482386,-1.00947450154719,0.012316498240491,-1.46827541053574,-1.99022192288297,-0.817583735020172,0,0,0,1,1,0,1,0,1,1,1,1
0,-1.1996804234463,-0.878744337933647,-1.16823041403617,1.53977602292015,-0.285123713237114,-0.0407982302350202,-0.016256383373506,-0.0484832513787712,-0.633448604756237,0.036246865508954,0.574969115122122,0.149816914905433,1.69310717079471,1.23274187216405,0.179643571474271,-0.573120646163171,-0.228056965637107,-1.13204242994739,1.08431005999234,0.386199910626019,-0.684345906961575,0.41635406623908,-0.249551000419105,0.274141331798165,-0.685716831883431,0.570637201106828,1.12713485795299,0.149598752107095,0,0,1,0,0,1,0,1,1,1,0,0
1,-2.03499708119998,-0.452458897352818,0.487190224755659,-0.932768684250629,1.39652981464456,0.316972072340054,0.901120239284801,-0.489100369841725,-0.727535719421566,-0.537915929103759,0.28189780167151,-0.69894172617009,-2.26142716501602,0.298119385780131,-0.758143624877324,0.186290184983642,-0.0838987799119183,1.20550917526643,0.954586795715092,1.54913052113068,-0.0834036170566929,0.613564311300065,-1.00126877802467,0.135495718074569,-0.415126320263268,-0.423696079279223,0.870822735511372,-1.66053637657477,1,1,1,0,0,0,0,1,1,1,1,1
1,0.714018673754876,1.08545906536578,1.53428298609497,-1.83980120487405,0.0405086336211474,-2.15007421153123,0.216870746468834,-0.597868295774083,-0.0760237255545759,-1.0596741156902,-0.547554514456274,0.095340964982039,1.36886553616879,0.442053514057609,-2.07520646389341,-0.307809663493415,-1.45412954606717,1.3096163140808,1.47008661363258,1.51042902959493,-0.0576552953688795,0.138071612538808,1.00934433197278,-0.096181958289592,2.0780368698331,0.0475013945426213,1.16551097178748,0.592772885308925,0,0,0,1,1,0,0,0,1,1,1,0
1,-0.764941859943865,0.509052762937045,1.56821436662244,2.10394604679677,0.833360676472863,-1.53224932591642,1.08233564576706,-0.0363990492589221,-0.552440297099449,-1.41916348148522,0.0779916007749529,0.840323439581479,-1.70985590371323,0.277760035209945,0.740112231425532,-1.27317034213122,1.13197615250832,0.235314028078347,-0.131595678651084,-0.560929810912732,1.59334666178804,-0.548633556436963,-0.0732609996635062,1.70212512443326,0.933839334603888,-0.386237574144546,1.00292507137183,-2.08814623148543,0,0,1,0,0,1,0,0,0,0,0,1
0,0.175765877308606,1.49231504923769,0.163813809434024,1.23659454648613,-0.780774913628165,-0.574426629131866,0.16061596469958,-0.167084444175504,0.679346813495818,0.716958598229752,0.475414033256207,1.73415789935994,2.06906794240725,1.48330690625284,1.10317685834516,-1.62480014609486,-0.495981339604098,-0.333390529677243,-1.58379710708425,0.308237629684514,0.711492132458518,1.69759158479659,-0.626004640778068,0.148606433333484,-1.02683992716785,0.101340286575018,-0.788982287074169,0.688248814684937,1,0,1,1,1,1,0,0,1,0,1,1
1,-2.84827490540427,1.49020096348123,-1.42257537260144,-1.40743305363963,-1.09235629440707,-0.358443171495031,-1.83290979543547,0.175379091831424,0.330384965742333,0.00894644770860227,0.361368787753953,0.159747703964939,-1.12816270246211,0.640627095380496,0.946751664143403,0.682241513717068,-1.61124423054255,-0.410151650472871,-0.00773157341930935,2.01752905318149,0.127665236055459,-0.451059488738011,0.100438637729098,-0.348544412784975,0.736210356988951,0.550408049649153,1.20743685927009,-1.39093421448424,1,0,0,0,1,0,0,1,1,1,1,0
1,1.44978679634596,-0.970902294416832,0.630697855648959,0.879390396843577,-1.12884433918875,0.264290871637809,0.0911949112533859,0.740705645524971,0.623970023357605,-0.613516471210309,-1.07964891980102,1.51561679876298,-1.44252009772525,0.66332106221937,0.615551720019814,-0.628874751915479,0.306054351092959,0.834230424147306,-0.791230767042307,-1.09237720409036,-1.55321175249733,-1.28384564985533,0.316142435641323,2.36840751682284,2.17060957887375,-0.64233783988173,0.378697178422628,1.0244125903707,1,1,0,1,1,1,0,0,1,0,0,1
1,1.26277137405023,0.200609930244566,-0.795183955842967,0.0425287714948946,1.4969865067177,0.866781419479502,0.797544510572151,-1.45425283190103,-0.482723706066819,1.49162005339327,0.663394097453928,-1.78577931199882,-0.922710631803775,-0.227761375164468,-1.07232302561376,0.746102479085944,-0.729832439624692,0.943009205205314,-0.0329428607990596,-0.614449511367712,-0.665629800531756,-0.368673589985664,-0.0897756666489611,0.699644211347723,-1.86121464879424,1.1036961737526,0.660162081400037,0.41256479963306,0,0,0,1,1,0,0,1,1,0,1,0
1,-0.754000048261943,1.05001282484585,0.71265079270435,-0.899869479533653,-0.0204105592628946,1.26967558597771,0.116301732650508,-0.281101804385043,0.40937017206868,0.497842732794287,-2.4443605285659,-0.863232267726069,0.378348877701289,1.78263108033818,0.493358919279506,0.29212526446995,0.572021085659161,-0.214283562854043,-0.233955517647551,1.0122131708207,0.278853092566728,-0.670135937707927,0.106383992630431,0.595287877721732,0.762763728233668,-0.341704900428412,1.61186214381884,-0.316293161064875,0,1,1,0,0,0,0,1,0,0,0,0
1,-2.30488342363265,0.695868409689945,-1.15591969056613,-0.351055295886795,0.46317746381772,-1.11931565251548,1.60862856885514,-0.208490705398744,1.92395320431044,-0.721261713983144,-0.314923952308185,-0.687473171180322,0.843380546545422,-0.297510840812104,-1.1096009517524,0.0615854779930423,0.357274455779137,-0.926892793009758,0.466281316940088,-1.03945399186541,-1.42167910503649,0.542007314240301,0.0122530603799584,-0.165683121633751,-1.74109303349771,0.359551320674707,0.950275665681683,-0.688749646373801,0,0,0,1,1,1,0,0,0,0,0,0
1,0.131145991276076,2.20600746489715,-0.488025940121504,-0.0585964605867064,0.38150736623729,1.3960936662038,0.163383608118258,-0.0744812380514489,-1.0436231495062,0.0157552101009741,-0.568648399943627,0.336134460864702,0.0725405996115786,-1.41152810875984,-0.0608854238567199,-0.458704835669447,0.729554606450178,1.01714602707331,0.937884574002511,-0.753608007895853,-1.25851472796363,0.411679339289087,-0.0198361678201173,-1.40503998760994,0.247568086635826,-0.941904989873602,0.47295732486402,1.63886355920049,1,1,0,0,0,0,1,1,1,0,0,1
1,1.52506782570311,-0.0814004359177234,-0.413255225240131,0.177926097144014,-1.61175984453408,0.934384612502938,0.779766480068764,0.948859096262779,-0.278934241971879,-1.45347629925422,0.985127482829452,0.264175222127005,0.181819936384703,-0.489429011201112,-0.143930999626236,1.35427498233079,0.34868487171889,0.853299700548911,1.01208654795973,-0.928880721690183,0.796081637286119,-0.80279946988102,-0.45824564298351,0.686276408786172,-0.595300323621303,-0.407383219978553,-0.380950067294774,-0.579270779925403,0,0,1,0,0,0,0,0,0,1,1,1
1,-0.476031279129795,0.56509416959988,-1.12164088375775,-0.0694116202925416,0.172339523868407,-0.0384044689109903,1.1775836063552,1.63654072373034,0.853505455317603,-1.59010066634653,-2.39895326484841,0.00748957040201537,-0.453397945160182,1.75658725906422,1.52762863677198,0.167202392134585,-2.92324311589787,-2.26275825438528,0.759187470272807,-2.18201114495034,1.71744482895439,-2.14771506938501,0.352126004196338,0.111037002660126,0.138633239069597,1.0077096740836,-0.246969585846064,1.23033433044154,1,1,0,1,0,1,0,1,1,0,0,0
0,1.06301522140823,-0.00769396516411136,0.899695786385327,-0.132860326369766,-0.865920916938129,1.23544416788808,0.310419564506528,-1.08612703403329,0.060689651323568,0.132868641868612,-0.701529926723798,0.564084305229732,1.66055135615597,1.09650466782194,0.107471675583272,1.12503174462883,0.573772166266179,0.522418370176786,0.178922638056409,-2.24453954229268,-0.30381853237791,0.684163450131025,-0.281164478200761,1.73090490204187,-2.18886475453331,-0.760040185832095,-1.06940591515723,-0.346883348382365,1,1,1,1,0,1,1,0,1,1,0,1
1,0.0361752523404164,-1.14156867600785,-0.337624755971469,-0.995596080927313,0.481413252254131,-0.0981011396898114,-0.286245532551252,-0.694285385648845,1.37243776272208,-0.719902804029119,-0.587140168349234,-0.230109947762853,0.675181636824537,-0.668446907246794,-0.433209536336602,-2.13492335426724,0.423310684483157,1.62988531046895,1.23962560589656,-0.683978669626735,0.489465981542354,0.0638014257950989,-0.384323583298439,-0.299980301920964,1.34730233128636,-1.07159936678614,-0.636551228402964,0.192824396799389,1,1,0,0,1,0,1,0,0,1,0,1
1,1.1926415172647,0.141920028187185,-0.212783489299902,1.31841126261809,-1.13366230980486,-0.0477079984120235,0.285226933597608,-1.28520574337884,1.47175066956367,-1.14229900177666,0.363362619414532,-1.19591114464296,0.00429469904710537,-0.851913374030671,-2.44355919120544,1.06288889468218,0.790853497921758,1.0520929557565,-0.996880986754833,-0.703760743210831,-0.36816362783657,-1.74653969006992,-0.0409340753241994,-1.23531006967838,0.630032316898813,1.25689748360431,-0.584670309976436,-0.447074675626157,0,0,0,1,1,1,0,0,0,0,0,1
0,0.749000926236059,0.109216740771471,-1.5439846497907,-1.46686805628036,-0.0703562678495107,-0.776175652149204,-0.377442951535504,-0.304468767297761,-1.1649669836667,0.264941133155472,1.43822863111879,0.361104062310244,1.89007558110913,1.48435479609694,-0.888800869579691,-1.15897173462186,-0.919046255033563,1.83336147261148,0.839089547999808,-1.23401655043773,2.06486220075111,0.503631291442966,2.03000682046717,-0.438696542108326,2.45354367369524,-0.385368557958056,0.58933370659124,0.0648401449203449,1,1,1,0,1,1,0,1,1,0,0,0
1,-0.146468614098707,-1.03501111528737,-0.177233193060037,0.0216929538052409,0.22594337790974,-0.121365361318198,-0.0463711427707462,0.870365920619151,-0.966297648107025,0.683935589076502,0.133900635098436,0.349595664698017,-0.658102288118584,-0.40444118130698,-0.43699096475085,-1.09009705149624,1.03179127948476,0.60700647765104,-0.901948477511046,0.15011608757979,0.740837654554006,-0.162392119104237,-0.6333746198419,-0.895520843035398,2.03446530325508,3.00326705675423,-0.501701686364384,0.449888669201071,1,1,0,1,1,0,1,0,0,1,0,0
0,0.578543770352023,1.48643701366422,0.742459652157786,-0.0295855925937425,-1.40699490512818,1.09164048224993,-1.03857142403605,-1.34290573330712,-0.795976432304126,2.12444285702446,-0.549933269862095,1.99479776660813,-0.376379545697585,1.57523440178274,-0.021040119291187,-2.15554359866968,1.37952329713197,-0.129312987716232,2.25004942270686,0.89720591721318,-1.21895335857351,0.217633771968359,0.112014032037413,-0.915051385654276,-1.19339877238878,0.836530792613559,1.49095723344357,-1.72751376458188,1,1,0,0,1,0,1,0,0,0,1,0
1,-0.299116155521115,-0.773951663282432,0.241080989302393,-0.337584252462634,1.24913356837291,0.708671924594514,1.31850738382222,3.45855127930316,-0.194949215462082,0.428748642434885,-1.49252154687637,-1.68370111789562,-0.517876109637906,-0.149147894988797,-1.08652719628998,0.193691698819278,0.329910367921134,0.492486959251446,2.17598706753291,-1.25682979141057,0.951473275215576,0.393967092946691,-0.324330810182888,-0.925294784867353,0.299560955141032,1.21645996241697,1.58562936952456,0.405745174032735,0,0,0,1,0,0,1,1,1,1,1,0
0,-0.518900350819789,1.25046233262861,-0.211776982024334,0.139959823763845,0.985552828208825,0.509503300398785,-0.541902363036615,1.38308010492722,-0.32775511522658,-0.472686883984513,-0.906587960064921,0.788886525825764,0.228192442975902,0.452571091843126,-1.86014298162096,0.391726674823281,-1.41747590555397,-0.180270487425286,0.498374591664726,0.602601286313654,-0.482030754419009,-0.126249034730298,0.874536922540748,-1.2450318063367,-1.34912621384085,1.01694423243582,-1.8249992019239,-0.437635284835325,0,0,0,0,1,1,1,0,1,0,0,0
1,-1.26374118911887,0.811137712122794,-1.5669141530137,-1.45044410622359,0.979736122748383,0.370166565152077,0.173316490963724,-0.27359146237411,0.0452516408879356,1.57080591663704,-0.698356165520968,-0.427262850511541,0.0829862213428046,1.45436314865145,1.26536577240605,-0.36081041473379,-0.976689301163215,-0.389943015086043,0.417900449134314,0.0968285701287926,0.233967924072439,-0.00351770072201013,-2.09142647529495,0.10920077936295,-1.11442171291962,-0.111461929165567,-0.144259363032463,-1.00557108089353,1,1,1,1,0,1,0,1,1,0,1,1
0,1.67609338169385,0.803025073041283,-0.856122948404012,0.0453635023797299,-0.226852968074299,-1.33206292996009,-0.0173196901466866,0.0161845337714091,0.627625693819517,0.158473756195379,1.49297969508256,1.63485805183719,-1.2592600440334,-0.249292702609157,0.959137842882015,0.54131207879225,1.13078809771719,-0.452480624581191,-1.04774422261546,-1.17223986826489,-0.81426525791531,-0.314161440591459,0.548227982452679,-0.586085624242976,-1.7803353620847,1.65703022724297,-0.377482952371349,0.814569030497909,1,0,1,1,0,1,0,1,0,1,1,1
1,0.0407739669368214,-0.233349988233908,0.509760997287639,-0.458264083040822,0.0169574495323391,-0.841200133687033,0.071749964004637,0.359409181025718,-1.08166819064079,-0.561729825698334,-0.352352034020356,-0.516434361285159,-0.792614998726891,0.851862302724394,-1.46189375852575,-0.423691646664818,0.06669258153318,1.66835610147886,0.0549960192652565,-0.905717550551811,0.983423852999117,-0.0381230215313904,0.0502208086103814,-0.925841037669217,-0.351745713099385,-1.54435946284482,-1.78031603805144,0.790609751132973,0,1,1,0,0,0,0,0,1,1,1,0
1,0.753290248168742,0.40519547746473,1.15162411646674,0.05853952024516,-0.748142285972743,0.133593001206876,0.806104588442294,-0.906662506249559,-2.12659607198359,-1.14315441925071,1.46708139972603,0.536989598448467,2.06269323674577,0.159056721570138,-0.196803515185594,1.06479739991429,-0.726083092058685,-0.557254783744691,0.793248175078,0.000556494617366148,-0.309887962250365,-0.369458127155154,-1.03423732617617,-0.0898970731412934,-0.718902304496991,0.521857666283557,-0.638475028972484,-0.989379610000939,1,1,0,1,0,1,1,0,1,1,0,0
0,0.607791644051977,-0.271214847503923,0.496399126945095,-1.01655216397795,1.7132695382933,0.605238103021982,0.135330160189219,1.20943603538657,-1.83610435429745,-0.230004012460429,0.597402274495181,-1.78514547880415,0.890732417578311,-0.656437886279294,1.35911078739619,1.88998999829361,-0.27899196130827,-1.57953481531873,1.03162961933979,-0.245382307347978,0.744560370035032,0.755663082706962,1.33723540062152,-1.30251330130892,-0.923510533716418,-1.33478194152577,-0.0695631866507244,2.34559484837654,1,1,1,1,1,0,0,0,1,1,0,0
0,-1.06374858957798,0.332419178618143,0.258704749562321,-0.79406425602007,-1.35447112783778,-0.371990203455982,-0.681556521668729,-0.179578994587026,0.419792695399132,-1.24059563939044,0.162580328802627,0.581524459293459,-0.213902472211978,-1.96355100590566,0.511301178041712,-1.38746117899476,2.50007700987316,-0.128711773256339,0.0994223821181218,-1.00728976448266,-0.939918293285833,1.57023432853831,0.282910465431453,0.0346758874974901,0.623297407073587,0.316181236006907,-0.291025552573098,-0.866418527639654,0,1,0,1,0,0,1,1,1,1,0,0
0,-2.70239830079602,-0.538342141922501,-0.118922574809488,1.61465562647385,0.311565985910649,0.292749259167619,-1.40374216324113,-0.625731485154584,-0.024209465561013,0.00613692521357931,0.296148370649829,1.01809441923442,2.47163709841507,-0.65679503272436,0.077412608623116,-0.842860398282899,0.24695912916278,-0.37877759128965,1.86627209014369,1.00272570790231,1.17785924545294,-0.589104633180732,-0.585529094665268,0.278135497773561,-1.23166132064901,-0.0992539244073009,1.49690919604179,1.49388627720696,1,0,1,0,1,1,0,1,1,1,1,1
0,-0.0777338880350271,0.326401179755484,0.243969989505352,-0.101925199275455,-1.82151163932758,-0.36448363795762,-0.634509404772817,1.63323970557666,0.528003108427703,2.49300140276054,0.703235467678785,0.200516857167651,-0.275481233323464,-0.837903714513231,0.424497148453596,0.514853582621538,-2.0155703357602,-2.03708738361697,1.25928493895989,-0.123166447282889,0.472772420248968,0.400488353603445,-1.91239843963663,0.57589109052906,-1.27190616324304,-1.13392697541763,0.170380353118651,0.453573538141863,0,0,0,0,0,1,1,0,0,0,0,1
1,-0.00993352007874935,1.75806074921233,1.67366852723415,-0.323772789039847,-0.226002850732268,0.116297741299766,-1.17864840238156,-0.139988183645031,0.710221221192964,-0.976966052057476,0.751787585807533,0.621912151957358,0.402964499203859,-0.719034042789893,0.309635371637155,1.49420322475254,-0.26194496690783,-2.59613162066119,-0.112632253918556,-0.0742283113950537,-2.25142776628663,0.405570456727243,-0.43639929297495,0.938411137859232,-1.36637610751209,0.504414103474574,-0.180263408663394,-0.779540014205011,1,1,1,1,1,0,1,0,0,1,0,1
1,-0.735357240687728,1.81816026820897,-0.0554751711408702,-0.532159020402122,-0.95976220292475,0.016579755066964,1.59029928930581,-0.599446437829694,-0.0587262046274613,-0.365809569840637,0.146617944663984,-1.86663296193313,0.422918813994406,-1.59625216923575,-0.82186455733209,-0.120111913046634,0.659410451354457,-0.213545459394964,-0.800041906631054,-1.91043551594044,-1.8804674553107,-1.08493133953314,2.03166010750624,0.134586449304316,0.284018935359109,-0.444881995924335,2.0463515808508,0.338980859991764,0,1,0,0,1,1,1,1,0,1,0,1
1,-0.90846367067426,-0.541525944284261,-0.267885155815026,0.515969811510315,-1.50245256207941,-1.20129880548375,1.05005202630339,-1.8179075442179,1.20382059563343,-2.36712342381424,-0.351686184082025,1.63142840433273,0.141249500432328,0.312847033699633,1.33608974430326,-2.01717675874407,0.609641243730085,-0.532104400607363,1.3641020193946,-0.359786200101861,0.839214351217427,-0.672914743994001,-0.982084179017975,1.16413445215668,0.666531275360662,0.628023390765468,-0.656332525751353,-0.592555620255819,0,0,0,0,0,1,0,1,1,0,0,1
1,-0.750619936628263,0.884679750176277,1.93459830077959,0.612072620424717,0.471329421150772,-0.261051423754729,1.12990739828531,0.204133793940892,0.350530253226836,0.911886045896687,0.799292371699435,1.15802556340013,2.03326495242986,0.12705087779727,0.846213659665247,0.236349079847931,1.01609105411672,0.319009518641434,-0.827649263985494,-0.923257416503212,1.01336185800007,-1.38242533415504,0.553842477416698,-0.0624713884393117,0.838350598140793,-0.199763951873165,-0.358409636498681,-0.348633324015778,0,0,1,1,0,1,0,1,1,0,0,1
0,-0.121372900414708,-1.11188133242541,0.200731990089509,0.0320848243950353,-1.35753652524138,-1.19683007600568,0.359567075476439,1.5789369700558,1.7256162435424,0.147578451241862,-0.67516028551821,0.485413229440066,-1.21288161997339,-0.288569687071259,-0.916919383104393,0.773800083761716,-0.962679858677806,-1.07170983585164,-0.0497548051896768,-1.0169686214901,-1.22277152651877,0.756757238438443,1.77241736221754,-0.888510733145305,0.86426731633911,0.20234283739247,-0.830634434756068,0.51968398619765,1,1,0,1,1,1,0,0,1,1,0,1
0,-0.0877531339054495,1.43916888027251,-0.527735846634034,1.28355262887987,2.82379094282029,-1.15594865665949,1.60231000726284,0.90542237637954,0.440068353110324,0.94070545421856,1.81615375622734,-0.133706133505584,-0.349253571642839,-0.466574622219127,-0.808689575632513,-0.218243950057807,-0.593354529186238,-0.577299783081872,0.325302405911105,-0.99527379625164,-1.47085984963177,0.680340732718045,-0.578462810039337,-0.555133366428766,0.328334893665919,-0.95003349789783,1.90127874602795,0.731758786756584,0,1,0,1,1,0,0,0,0,1,1,1
1,-0.858429849839515,-2.15690171810096,-0.0225824412377751,0.444538440821506,0.467738781568708,0.233600882337273,-0.0867289756902856,-1.11590264956174,1.4896609637597,0.486124869231211,0.512632296474033,0.254736520585536,0.61650866569602,-1.54301875342438,-0.273644351968888,-0.420994400576351,-0.601975963085361,0.405052321161432,0.736873708272001,0.964262656102228,1.03105553202901,0.707466450790813,-0.0900349584142385,-0.315475594481559,0.465275065852474,-1.08334073320992,0.109157681377551,-1.96242414682576,1,0,1,0,1,1,0,1,0,1,0,1
0,0.958843872572615,-1.19134212924397,0.986950367099525,-0.150440554932749,0.0598034804933202,1.31707566629722,0.0318705158899005,-0.0627398478102361,-2.026913459137,0.700922734675035,-1.74128647731363,-0.99052842553054,0.343352857684284,0.231426162526987,-0.825944491621661,-0.239299035464356,2.25044560656998,-0.620626105663737,0.129755247665967,-0.0430762773102372,0.435524652802995,-0.884640250193969,1.06886734493846,1.30928058796496,-0.203505887274258,1.13708237100363,0.914252956638965,0.836468822436564,0,0,1,0,1,0,1,1,1,0,0,0
0,0.443911543686895,1.34463654735827,0.159787678229064,-0.301363987807265,0.751743506790217,-0.18311431991736,0.124401402764203,1.69741447924984,-1.93187551698157,0.0534175037011276,-0.136954343716443,0.532921053472002,-1.03566017144576,-1.41713479286138,-0.00812333367207752,0.674163983194644,1.56448301455621,-0.781218376593972,0.400786121853028,-1.02187569598284,-0.775390460615532,-0.397419122048765,0.211755754245389,-0.173929081166104,0.0572973303739843,-0.739722629229508,0.308458097630852,1.92469069863438,1,1,1,1,0,0,0,1,0,0,0,0
1,0.0506627617644642,-0.0853214573797656,1.54738971945765,0.135104931489767,-1.39521412344536,0.590127685343448,-2.40489163818119,-0.663535033017037,-0.926616249103793,0.807844605810429,1.30671826639339,-1.15807483761909,-1.62591757097929,-0.492040162868325,-0.664514206099961,-0.380651899631784,0.957620553486975,-0.665613920047184,0.96875412520134,0.211966539501532,-1.63805939314007,0.733258164696349,-0.740207719029312,1.57243701389279,1.4345290509968,-2.13994970377527,-0.260007374096904,0.889066677313764,0,0,0,0,0,1,0,1,1,0,0,1
1,-0.0363159885140834,-0.0358931348372016,-0.237671206561197,-0.571925918403086,-1.81876541411057,-0.0932536842363383,0.277179289669152,-0.97434833757632,-0.715024508079595,-0.128885011729228,1.48491280645658,-1.64789394301961,-1.76198641864228,2.01062550371332,0.868683024298372,0.111468375404293,0.0513046425248955,-1.08777361644141,0.287688172130739,0.0209982356411649,1.04467330859691,-0.28633182082976,-0.387803249980673,0.902420941747759,1.03708307428625,0.335990764422047,1.31987828761285,0.368842938753207,1,1,1,1,0,0,0,0,1,0,1,1
1,0.761878152512884,-0.965767637244077,-0.146358833200541,0.869951399909981,0.303418547965835,-0.287044555816489,-0.608296200922784,1.09194322103966,0.0507721756325428,-1.81328573259348,0.87715362436947,-0.775254061688743,-1.01010627806293,-1.31666712603313,0.152480228481666,0.068016133508658,0.0451816276404723,-0.791391821027515,1.11554753668168,0.642478900913468,0.360813936250474,0.318120771529855,0.729782288190825,1.18796993571377,0.251289007906094,-2.57596541570305,-0.115162616344967,-0.642956255296464,0,0,0,1,0,1,1,0,0,1,1,0
1,-0.113959563114801,-3.52718815194459,-1.64849695767763,-0.994549631507616,0.464516017810096,-0.833726955832837,-1.63940667257974,0.379054007068921,-0.796081289686792,-0.547924159764508,-1.47731685695087,-0.287761051888221,0.00701928119431987,-0.689054899675507,0.672717743334926,-1.77490349025977,0.145779531196286,-1.16266309588659,-0.870358404511267,-0.218298762688718,-0.555614586244112,1.97630104066918,-1.1193024249912,0.176483900790779,-1.3966345266818,1.36008389680795,0.589753117858659,-1.90301847559977,1,0,1,1,1,1,0,1,0,1,0,0
0,-1.77046894329585,-1.69069848785739,-0.437122875802585,0.732467630389148,-0.747298641796904,1.51023728103239,0.723638551910198,1.11374184597584,0.369311291633279,-1.32022119223558,0.376137708840211,0.400053561970833,-0.628458094941145,-1.33836771126694,-0.496521159674333,-1.12896660280524,0.500785439962418,-2.03089312318935,1.24812927110372,0.44280512381881,-0.435533306174412,-0.235911850905567,1.44665970972004,-1.12745884074421,0.440849374916696,-0.123440696103798,-0.717430098789481,1.88036235019292,1,1,1,0,0,1,1,0,0,1,0,0
1,-1.12821054896947,0.425865948363336,0.687297159907664,1.11636518396833,0.0324063875409795,0.180311802967936,-1.83798993771853,0.941953375321813,1.12481027391645,-0.300516995258457,-0.003648888869037,0.370973833025514,-0.732538775564491,-1.39710627894802,0.0643546434405641,0.396263289384645,-0.609810656508989,0.406695711848816,-0.45574996843291,-0.64983816472845,0.0162233556244967,-0.169406408925527,-0.90925259387422,1.36000313328027,-1.66486540566687,0.910736907652645,1.68478240715088,-0.0854503347854466,1,0,1,1,0,0,0,1,0,0,1,0
0,-2.14045962420792,0.112396924525087,-0.0127944010446397,0.0470267551247918,-0.163611728883627,-1.11903743942033,0.288844385554919,0.928180167737898,-2.42395182872272,1.55787795033963,-0.546144308648558,-1.46020261478265,-0.89908060571681,0.0630445578513047,-1.52815618962527,0.205554216551491,0.57583952687989,1.17819196923645,-0.778489407466901,-0.957570018859683,1.08156028825111,-1.6184975466462,0.174235308571972,-0.0950859616602397,1.99084079234306,0.364815104742327,-1.13985804206373,-1.14992712157139,0,1,1,1,0,0,0,1,0,1,0,0
0,0.482591274680711,-0.35951475354868,0.995577064029506,-0.0936947782880478,-0.890272506103699,-0.435388519504171,-1.24615697571626,1.08986082887929,-0.4874441117605,0.686639604222081,-0.0684791047374703,-0.469053951999528,0.449297788939314,0.0374058920960885,1.20755426064372,0.296146854929751,0.412077905655795,0.562098791903985,0.523636624381463,-0.0882740626259145,-1.19981438268819,0.618594472104783,-0.964517188075226,0.851099400251096,-1.0541754990487,-0.517542366356025,-0.312154195040999,-1.57004457562108,1,0,0,1,1,1,0,1,0,1,0,0
0,-1.26483281807003,-0.387948711175001,-1.12284621377439,0.880680237633543,1.90653681656671,0.244249503789176,-1.13537250387007,1.40465478134721,-0.22591920364964,0.130528113517134,-1.17982651753275,-0.828705569534988,-1.15548411443596,1.10391038527716,-1.41566642704718,1.3296999601792,-0.302901261743105,-0.131608012973339,-1.70354191597134,1.38522240717336,2.33910388054597,0.837357292594428,-1.78501451221355,0.745904810278101,-2.06783877480654,0.24072482590336,0.15093983011615,2.04943226055658,1,0,1,0,1,1,0,1,0,1,1,0
1,1.29537590185816,0.259165117758163,0.506011578193361,-0.409830769699819,0.435384680452199,-0.163411805484272,0.364546736827767,1.52512451568671,0.455040567616601,-1.56837851156753,-1.5286607633362,-1.15030663837887,-1.20183434996545,0.993233324118878,-0.223610600182351,-0.286451872887431,0.884015402743514,0.537002213570166,0.78461472552114,-1.14456343743383,0.657770285768366,-0.365676523982064,-0.570527959776324,-0.327280379954702,-1.61775971559936,0.865719374402979,-0.494473674691568,-2.28095544653441,0,0,0,0,1,1,0,1,1,0,1,1
1,0.406435520283513,1.4791265524305,0.837998805321989,0.8305483565094,0.833705241979965,-0.134709319687369,1.76303366528272,-0.52255723927402,1.45863596044957,1.70080660410131,0.18936710754934,0.346385511839613,-0.70342606472478,-0.744356268986517,0.15854690549112,-0.102035921482293,-1.70678367693232,1.51350142050846,-0.557398403709564,0.551703663925109,1.15448419620652,0.192038919908828,-1.51447848335259,-1.328892908174,0.416108769171048,0.636121066796544,-0.677486496532691,-0.32176595362858,0,0,0,0,0,0,0,1,0,0,1,1
0,-1.18906836422588,0.412546785038662,-1.51965069064625,-0.754579775687829,-0.0825042819981071,-0.0973177645772973,0.232867146248384,-0.822892891319532,-0.8956869899312,0.270172465602308,0.31386527616917,-0.0746449030414189,0.386892413995946,1.18718923963481,0.567051409241207,-0.292338458531292,1.4670224778976,1.82601818636309,-1.22490638709524,3.22213425318979,-1.28198694637021,-0.769155862171609,2.00297822898958,0.958787813997077,0.217180909712454,-0.908650129971116,-1.18261673555119,0.871370507483074,0,1,1,0,0,0,1,0,1,1,0,1
1,-0.300294361244875,0.472044814086508,-1.89707662180896,0.0536081866052747,-0.880008830008259,-0.68336587745749,0.0214630338336281,1.51612216892385,-0.810951569112205,-1.53911615949554,0.787931873425184,1.62008292575345,0.49166445595575,-1.71153578620107,-0.926026733294581,-1.36813479071346,0.234701913467975,1.13520083611277,0.847358217151745,0.916382428569234,2.73616476979894,-1.26907776729836,1.27954625567944,0.0835260095690999,-0.109217023901176,0.310613725381402,-1.61046325762828,0.800087548813885,1,1,0,1,0,0,0,1,1,1,1,1
1,-0.877365771653556,0.23612547166364,-1.59955460187959,0.985577815804924,0.268502499572016,-2.11959668462165,-1.70763295957833,-1.24260965366575,-1.71068437147725,-0.481320583245104,-0.998695792127511,0.396953197686498,-0.437959454144886,0.942393097341883,1.20752507094356,-0.331819312849942,-0.175008994932917,-0.53413383401345,-1.36841442046713,0.33215090616541,-0.954093403366449,-0.866262391608755,0.0902037948844047,-0.416215147436086,-1.46881166761069,1.4855758084485,0.975416676523366,1.96149571052791,1,1,1,0,1,0,0,0,0,0,0,0
1,-1.67676492306179,0.0439758144974369,0.506328280311493,1.04615121176242,0.307790666221449,-0.339706597025509,-1.01795073059464,0.826561380306177,2.08431422077269,1.47744228409391,0.463513722196998,2.46252527804493,0.857250885424716,1.15616762508488,1.5779842455206,0.0184765014190737,-0.294335579053928,1.48822578041233,0.331587302012091,0.849774115724434,0.659605681559722,-0.872860812203697,0.428851311377109,-0.876730726674404,-1.710207693538,0.177772313754756,0.940143751307548,0.379960653380233,0,0,0,1,0,1,1,1,0,1,1,1
1,-0.181442435837171,-1.61287001956843,0.150374057452668,-0.137263035781727,-2.17021157881656,-0.812960833730851,0.0632930833221511,1.18874046459471,-0.413410289211746,-1.96834509592322,0.201098991874133,0.337138807196641,0.416624265693682,-1.84686168728618,-0.428241353954842,-0.249456112016114,0.699065747418507,-0.325713945064332,0.394550514713879,-0.280163126093956,-0.725915080968958,0.369903132791863,-0.540735181399797,-0.188498704383455,0.869795522641166,0.224414136960302,0.569461366035932,0.22666835926143,1,1,1,0,1,1,0,1,0,0,1,1
1,-0.62538395250661,1.0731644064565,1.48976220650895,-2.09209795901831,0.838920828374456,0.840086976338952,-1.22273067222775,-0.274739186822627,0.68365231085661,-0.516211946953332,-1.21744109552983,-0.751954260702117,0.567539919066377,-1.45537560330594,0.121420519393009,-1.06014295521161,-0.151567166392528,0.188461672272413,2.88045063922866,-0.631666346133029,-0.732842857852729,-1.23228601792215,0.795194657996189,0.0980359797733955,-0.520276969226413,-0.216740855684382,-0.523530475737176,-0.0802283245760796,1,1,0,0,1,1,0,0,0,1,0,0
0,-1.29495205463665,1.47158745146647,-1.90951466695263,0.408953205663791,1.11943107561109,-0.306735429192482,0.95735075104238,0.106552966432899,-1.9779107350195,-0.419763209082113,-0.099344841423037,-0.896461024089806,0.934052720441574,0.166918242048328,-1.7418474967208,-1.69344592190007,0.156320852255734,0.793350580618124,0.833599970772734,2.57878025833671,-0.180962644086121,1.87198719323324,1.0771283863861,0.623513314583224,0.56712338125762,-0.703331420607863,-0.646003689571978,-0.663544546874451,0,0,0,1,0,1,1,1,1,1,1,0
1,1.42102870398714,0.454433812223405,-1.51114992839973,2.40431031557127,-0.51304147245317,0.937876268381002,0.840745811036761,0.501858892644537,0.919990812932145,0.624944101339669,-0.513275056502448,1.1080615834658,0.572439321627198,-0.775822271104139,0.735952389876008,-0.588569526608057,-1.50514827618935,0.856661636540606,0.23788449967486,0.0917828886196357,-0.16594120866965,0.598848951487935,1.45407522728778,-0.717195554513026,-0.702947950428959,-0.471662608234718,0.854655774832107,-0.115877084532864,0,0,0,0,1,1,1,1,1,0,0,1
1,-2.08633808882569,0.290769116662227,-1.52291412457336,-0.0715125173428282,0.547746959639598,1.11148452420733,-1.02848280533555,0.199304434159627,1.05568313255027,-0.570138580083929,1.51111101880793,0.669070917387144,0.513719110683555,-0.00313494709345189,-0.441170756029075,0.0521411713513744,0.057872025926556,-0.725356651310608,0.961476312631172,-0.442192353612102,0.611042100435785,-0.124071840883357,-1.17960869890119,1.02095199431181,0.914536938873445,1.31395528583005,1.30254922309992,-0.293286256230834,1,0,0,1,1,1,1,0,1,1,1,0
1,-0.116374814714092,0.441905804109587,1.03994864500501,-0.2043779773026,-1.21195067769866,-1.32810436273449,-0.329472351281813,0.789109015820908,0.12468909342904,-1.00964598184744,-0.395739226465222,-0.272135534258708,-2.16593669628833,0.248097350513169,-0.519377425959205,-0.115778951314834,-2.15448776958568,-1.76120432478505,0.653144623552288,0.592662517194579,0.126070458407002,0.0227271983851831,0.890233856882223,-1.00528590195463,0.282418275063808,0.746261460688036,0.892158896674897,0.666105204071172,0,1,0,1,1,1,1,0,1,0,1,0
1,-0.879518233432428,-0.214012793030547,-0.600830296191371,-0.210329825248601,-0.0144478973550781,-1.07580099979709,0.504765253758852,1.45945591210204,0.295222434357444,0.629794753644785,1.69468499693948,-0.222694034316979,0.235989079976394,0.914283713425244,0.52342430255771,0.378143347608803,-1.79666186822374,1.89616845437071,0.824889684180475,-2.1496442924273,-1.92058140822188,2.37280627511936,-0.302330812236966,-0.0958418483446131,0.578771702596503,0.669059201714195,-1.21409535796123,0.883913151003566,0,0,0,1,0,0,0,1,0,1,1,0
0,-0.627912895373051,0.140034199173061,0.503833371167252,-1.10495477481164,-0.404838179424628,1.37190598913305,-1.10665135662804,0.0276088488683808,-0.215052869663136,0.116534887244087,0.0316914159314576,0.348192935275198,-1.24704662602874,-0.759478965488652,-0.615599862281009,1.44237730637651,0.434012561005453,-0.759351709057343,0.996590958122002,0.68580574458759,1.09422655430656,0.0871752457715632,-1.01754833739926,-0.514800719236893,-1.92522523386316,-0.453349346488735,-0.808518333340806,-0.00904791127347441,1,1,0,0,1,0,0,0,0,0,1,0
0,0.612389692354694,0.615185750684925,0.22290466028216,-0.607136787127011,0.614013688232243,0.506240034252104,0.809106328274334,1.13028661478775,-1.00724631165952,-0.444317395837625,0.0190286047106722,-1.6766654558913,-0.947871495736698,0.74007046019672,0.697351626186447,0.271321474857843,0.163803994302001,-0.486661827354202,2.24417675944075,-1.1239981547711,0.916113783886049,1.06713150971535,0.0044172859658516,1.78044128763125,-0.5779668051424,-1.36003126137528,0.779576502162985,-1.28921848032868,1,0,1,1,1,1,0,1,1,0,1,1
1,0.824839269988004,0.539701738895401,1.86573318819551,1.19610943874639,0.42704502725491,-1.25229541534004,-0.178858415745004,-2.08991570786307,-0.360395991358169,-0.212598879511627,0.349287231756601,-1.75377319887438,0.324674872237361,0.0575201719909363,0.653986413879081,-0.553517840947027,0.00876532323336783,-0.613335112317746,0.849552050611251,-0.266170336766586,-0.120001570319481,1.12374142353141,-0.647015592718482,0.334689540270015,0.288370940509051,-0.53301468418457,-1.95192216324987,1.15364713892505,0,0,1,0,0,0,1,0,0,1,0,1
1,-0.660327579133587,-0.491463256089587,0.821169440894178,0.716200420993134,0.846543079571588,-1.80063511909859,0.0864644852246009,-0.142030800982755,-1.33330318282178,-0.313235297560274,0.391574898487118,0.0530972168085184,-0.209071674305911,-0.642584928616319,-0.647004223117442,1.23614969112813,-0.625384643947084,-1.62884486605326,1.35736781259096,0.38946785724326,-0.346778064898557,0.944995646148934,-1.3738037864436,-0.596382453580042,-1.25085214164045,-1.36072908635446,-0.562237006139454,-0.127446823312478,1,0,1,0,1,0,1,1,0,0,0,1
1,-0.302535315435181,0.0864988482040118,1.09282575843932,0.217154882017528,-2.10662417185147,0.263880259284805,0.702019837159934,1.09144051198539,0.566292695282225,-0.314258296940644,-0.653305881635081,0.282405119723414,-0.632117963487112,1.35961553056997,-0.0446627324306831,0.820272525933565,-0.91768357435738,0.922093613854708,-0.616360165968519,2.68590184100141,-1.09400615125021,-0.668860445231813,1.61406435814059,1.48004956363074,-1.70404031531298,-0.652120187304397,-0.38198769054307,-0.849913285879716,0,1,0,0,1,0,0,1,0,0,0,0
0,-1.62841456055866,1.07560972086714,-0.775177804247877,0.932674125674642,1.70927351517572,-0.846425918059677,0.185238309379726,-0.573527834827437,-0.547464012525634,0.344431385556544,0.190707613403009,-2.10405900020593,-0.159129440559716,-0.707156743665582,-0.616073534374731,0.0638769749631466,0.45232168765907,0.126482324743792,-1.09548631029995,-0.290111208106984,0.90082210191218,-1.23462115523469,-0.368354673679899,2.15018833630176,0.336118534647283,-0.884701799480851,1.0862705423502,0.361670021662276,1,1,0,0,1,1,1,0,1,1,1,0
0,1.10744475722898,-0.808145750946671,-0.261562388046748,1.27778389736108,1.19100575635194,0.663793986132928,0.545035085521233,0.0821194456846055,-0.304599734508375,-0.231160987793458,0.537418833315517,-0.390081590499138,0.434018455669158,0.100675558687916,0.22214678025844,-0.0132667722890434,0.247447134906568,-0.358694527545192,1.20112427483845,-0.428929177984395,0.668530004320609,0.271485901954608,-0.761326394453275,1.43677307074547,0.843609006918666,-0.757010793726202,-0.935023796277101,-0.118548746614771,1,1,1,1,0,0,1,0,0,0,0,1
1,-0.690879181517291,1.56612356306283,0.124058782493811,0.689585201427143,-0.316889482921656,-0.497627780672428,2.0287839724988,1.93129240221978,0.770237634234698,-1.81574422387561,-1.41231872789153,-1.36073784539998,-0.330776727805457,-0.0643435780656976,-0.729967055723346,0.425766027625894,-0.454675141422746,2.524892438696,-1.6733349460923,0.635131605830827,-3.06552858699835,1.5972944627907,0.737477631512053,-0.631248222541774,-0.530442100354523,-1.03673968373599,-0.169112786579877,-0.742841057944962,0,0,1,0,0,1,1,0,1,0,1,0
1,-1.0709427467839,0.0888090026154036,-1.12600131653681,-0.90541836216371,-1.62868669204244,-0.441684723618545,1.56924959216806,-0.121166339692595,1.15530814888712,0.588871408091243,1.00131785452539,-0.714286554020064,1.88669029351516,0.396830061706517,-0.590936949665762,-1.65450696241065,0.43535776387249,0.108620957749839,-0.0678265958508949,-1.45181005268117,1.27469306763184,1.1129118452968,-0.986879101864263,-0.0650110858304642,1.07696301354377,1.17458820960622,-1.50911334185534,0.128301719669143,1,0,0,1,0,1,1,0,0,0,0,1
0,-1.13719562295232,-0.0648508957633427,0.989267241701451,-1.10023310510431,0.948521801034668,0.969349187853791,0.0822893573919888,0.866445162509498,1.37227510901157,2.23439965320127,-1.11681694487959,-0.679744066684011,-1.53350718550114,-2.89261409275332,-0.341869802897728,0.941843217985993,-0.347869638344933,-0.577061982440702,0.721580078827879,0.297842836045662,-0.25267798445942,0.978141590711632,-0.580384607995592,-0.581708262174505,-1.57106251313585,-0.604941554012526,1.33190131497357,-1.01459055737866,1,0,1,0,1,1,1,0,0,0,1,1
0,-1.52929293282439,-0.255037367575724,0.658201740660953,-0.285172493554042,0.859098984051248,1.14398805328188,-0.799765559296498,0.392874949342887,-0.0385579238007434,-0.120827820943104,0.323266818591986,-0.224377994288641,-0.503571977053491,-1.31198471199856,0.51978679340225,0.495635116535175,-0.0375604843294755,0.858883765765608,0.415416161130205,0.775295840330604,-0.0520483482380879,0.896702120101848,0.0741893118850884,0.0567727665261249,0.182029374220389,0.827832482599311,-0.139696900473904,0.364278882346746,1,0,1,0,1,0,0,0,1,0,0,1
1,0.500037584887928,0.315185063466382,0.706528040915876,1.45786078619545,-0.669473384204289,-1.14849568508004,-0.638238638979268,-0.999187953606331,-1.38500331148756,0.715126971690469,0.239370773168552,0.116481181976479,-1.02590494467688,-2.08440399084984,-1.81222088200095,-0.324254284424275,-0.89641940028069,0.75564213918379,1.80480340210663,-1.55047765370707,-0.10068458080781,0.412195344187665,-0.0447794780401147,0.965726183482553,1.86360487959705,-1.83308041340275,0.406025196275552,-0.706731438068562,1,1,0,1,0,0,1,1,1,0,1,0
0,-0.24913669542804,-0.122321014566116,-0.134409642801553,-1.23261934564256,0.40872185927999,-0.548156485594954,0.812501441161509,0.267356764083556,1.25251542383366,-0.188195292783275,1.4145553268146,-0.700140482417868,0.26403310782166,-0.0736594719286833,0.953848982914262,-0.629031178696303,-0.126506858600148,0.940210748191532,-1.91467324276524,-0.116974103178714,-0.625237899472334,-0.0558848599423562,2.02183847189539,0.336257624235105,-0.881135935281937,0.340828596251485,-0.58954997136083,0.283971595925397,0,1,0,1,1,0,1,0,1,0,0,0
0,0.84786232997279,0.533841668557018,-1.84411593833252,0.0579007304014001,-1.49370084452667,-1.76921744787835,-0.306402418726291,0.0795155979374169,0.0227687082395834,-0.0472161508489697,-1.66728863747127,1.84033107263875,-1.00810641037938,0.0727753317316994,0.358529635999438,-1.1675417639873,0.723085930906541,-1.22719180412035,0.492005849828564,1.53379377616501,-1.75388445789783,0.706902036614229,0.369649258431747,0.385101250507849,0.563000704884597,-0.694406055110641,-0.224006698801749,-1.28114628354156,1,0,0,0,0,1,1,0,0,1,0,1
1,1.4363831045068,-1.89101062916381,1.10110577898586,0.415065675240267,1.09693093867045,0.915419775128537,1.35730591231127,0.010923799798752,-0.538044791682783,1.64979815766848,-0.494191241459359,0.487480075531905,1.39490031656619,2.32488464865167,-0.625754736524727,0.395240023158618,-1.95559377488015,0.369091900598876,0.40127837350833,-0.80689798219055,0.349715508774273,-0.20015638312924,-0.895708542803222,-0.624755117440549,-0.360138454559234,0.0178208071134783,-0.511304775584305,-1.70171843453436,1,0,0,0,0,0,1,0,0,1,0,1
0,-1.25640933831301,-0.0822743060531592,1.32971790059328,-0.70241217293159,0.0212485972362603,1.76061920657838,0.755065655863132,-0.148390390686663,0.449782401160955,0.721976607779671,1.09011024495267,-1.39257176414893,0.0066482297514203,-0.748545726312793,-0.759418437600154,-1.634290766337,0.937052194870158,-1.49991580710191,-1.16782826958348,-1.53475309389058,-0.904165252174695,-0.268133024693753,-1.47880186506707,-0.415129324911959,-0.375429223812238,-0.664997888618872,0.107090279831656,-1.85718837637758,1,0,1,1,0,1,0,0,0,0,0,1
1,1.80478194324504,-0.709079334090796,-1.97082151970966,-1.26944783603033,-1.41258384911651,0.19153656222803,1.83751608571664,-0.87339174056416,0.320205036609257,0.356370607061799,1.0123349994624,0.771848015848293,-1.09667915546838,0.0273599185858605,0.124441424030434,-0.212571810187288,-0.795337036043978,0.814819492200249,0.564832956856597,-0.712868780503131,-0.623058224462705,-1.0214758719485,0.474356605136125,-0.174877407146417,0.383947072782653,0.106261776747505,2.0524811822463,-1.58604277894081,0,0,0,0,1,1,1,0,0,1,0,1
1,-0.410174127748861,-1.43909238821997,-0.59129008663581,-2.49048620792643,-0.829774709497897,-0.455490260989477,1.75016711536349,-0.234463875651135,-1.29938319891925,-0.96984514675647,1.74353154917309,0.280628386574,0.591440270296504,-0.323640609906311,0.653451693725752,0.307810340288487,-0.789081132422527,-0.354681101774167,0.864688946783587,0.891797911038943,-0.248065751089969,-0.705461381809647,0.814365279034114,0.167090481845602,0.373408476225028,0.0188004542015742,1.04589375715766,0.655931890003551,1,1,1,0,1,1,0,1,0,1,0,1
0,0.329454679718438,0.774241561637387,1.01215420880791,-2.15374629585523,0.712717239383325,-0.736803959724162,-1.17019275235012,0.38721533557897,0.165482835542442,0.0818828415597347,0.698221951485017,0.406478090399339,-0.868626576868165,-0.00735442013299314,0.650079860016288,-1.44614150264141,0.00302907344144315,-0.923629508871758,0.724602799025558,0.664025635879301,-0.643390418350405,0.320125137649003,0.711401720549206,0.71722615156272,0.659887927329167,-0.4134206807182,0.394801135734391,-0.57243949200503,0,0,0,1,0,0,0,0,0,1,0,0
1,1.38730168850782,-1.00438088951856,0.433254208402394,-0.25808399588169,-0.517706079270645,-0.622618019052525,-0.264692532288554,-0.610203594638357,-0.337559520986102,0.00914182101971699,-0.0364082616790665,-0.947315595003131,0.631822149908521,-0.960336210771386,-1.03710269440877,-1.47638767936884,-0.629273279935793,1.08385560586696,0.235908830266574,0.389324731492744,1.73156034263919,-0.461764188767468,-0.0189518241038554,1.04816802604136,-0.549796162979603,0.931969770918921,-1.70603122459159,0.554426824503969,0,0,1,1,0,1,1,0,1,0,1,1
0,1.51594438462001,1.48742363260228,-1.48691490125453,-0.172419694025305,-0.434780341247823,-0.461697687264933,0.76347697725841,2.08262171745659,0.883063047837429,-0.932659433527609,0.624478525379642,-0.139398744937765,0.458603209477583,1.32709940403917,0.895381698291386,-0.479483495740732,-0.873723065430019,-1.53787794434224,0.387908582533827,0.245310346258323,-0.213155860066649,0.417890238562205,0.178565311775008,0.677740664411441,2.09814923922444,-0.666102440135618,1.21563359539669,-1.10922496915368,0,0,0,0,1,1,1,0,0,0,0,0
0,-0.955565535354665,-0.0248290053799758,-2.05625697306599,-0.869174461725396,-0.248919015207038,-0.436606976452275,1.5233645226939,-0.753382587269492,-1.52528508993729,1.41914419725001,-0.000947964896802742,-0.110146063709042,-0.356738946140724,-0.658754276323423,-0.639134014046775,1.09762197877748,-0.24234005988922,1.37887857114932,-1.25754026042514,-0.0387550960698001,1.33157903974486,-0.203397808226181,0.234104501282994,-1.36885674910597,0.268615731970226,0.670504900249351,2.42203135511087,2.18257776316627,1,1,1,0,1,0,1,1,1,1,0,1
0,1.15285031197604,-1.82434373535201,0.322975843395682,-0.364104482938149,-0.954906726366243,0.88844447273784,-1.65809893630292,1.14721227247651,-0.457794277235856,-0.196663787917832,-0.0707167931671023,-0.404026476532663,-1.03051470722586,-0.960833444847808,0.0772888631477038,0.505934247784042,0.0296275704224912,0.632992605398662,-0.385730257474971,1.34711941389539,-1.55870014709849,-0.499092728665067,-0.147044956410509,0.761227860976817,2.1707981656897,-1.91168835981159,0.20212265163614,-1.77922924471478,0,0,1,0,0,1,1,0,1,0,1,0
1,0.369371240380319,-0.769537789400244,-1.14805968576632,-0.492041024886551,1.14309486843712,-0.0416224484167189,-0.854048026567909,-0.13718816449411,-0.112813899962416,-1.04352967497461,0.939347532237347,1.92091499661743,-1.32542854584754,0.246619996569295,2.49966760858973,-0.972123900692382,-0.851052189272481,-1.09339953031859,-0.481212999852989,0.195238148237532,-1.96116149742451,0.791546610272846,0.776070565286985,0.624569602357388,1.17557149154538,0.638045519185097,0.192356836709995,-1.46139405224678,0,0,1,0,1,0,0,0,0,1,0,1
0,-0.194887881905898,0.460128606609499,-2.02522477464946,-0.739816021908019,-2.23695740016406,-1.21655311558872,-0.786169722580423,-0.54919490626899,0.102354665482037,1.59562815736446,-0.646813887193409,-0.502749798146254,-0.611272703417157,1.17247163660614,-1.22433841703755,1.39132479889372,-0.154361523850156,-0.308115795589218,-0.0860849399226574,-0.0680881271589851,-0.523270543890721,-0.531343030981938,1.07225935450526,-0.738095633054701,-0.697697842164131,1.59250165870388,0.13436181882432,1.09068527535195,0,1,1,1,1,1,1,0,0,1,1,0
1,-0.879665318331103,0.479718710075283,-0.22221406660449,1.55517778029728,-1.34656535719346,-2.72703892624369,-0.258109759873109,1.00948673539153,0.931525540437822,-0.275417308070712,-0.154522212175987,-0.584843653548345,0.472218483199399,-1.3199027892382,-0.189515893937001,-0.174204722559693,0.332799474434162,0.374089754445031,1.29923732930503,0.272104891468218,0.319668162124036,-0.0969166253905441,0.193506325835813,-0.933797733787271,-0.56556943809444,1.32040353777735,-1.29964734872549,0.928894238739423,1,1,1,1,0,1,1,0,0,1,0,0
0,-0.241064060905863,0.660348049867376,-0.0936774134853661,1.0224705456358,1.70413675627073,0.239438827171785,-1.25292172108988,2.28267244856469,1.39747801825732,2.18245343966349,-0.232153993473789,0.289375045412848,0.815655206198157,-0.181332124498947,-0.840704145425218,0.983898907645823,-2.46663117916792,-0.875438857252891,-1.3548031004609,0.416890330915022,1.14127686139088,0.551758565887771,0.721086729496251,0.368318689641281,0.339323695416665,-0.701868096259618,0.444962091044131,0.189439647485698,0,0,1,0,0,0,1,1,0,0,0,1
1,-0.0532643342192924,1.11644564138315,0.41721652951442,0.198903213455582,-1.89718709659682,-0.395142670335851,1.10059138138901,-0.530294840925844,1.63281263239281,1.31226995312204,1.93243886793502,-0.41353607532574,0.659174709052971,2.01603303798574,0.452147738999378,0.245587729860105,-0.111009811683385,-0.0160077550649364,0.29269795158934,0.0199116850828402,0.525217221834799,0.452632790026806,-0.774464997538003,0.0265080308247132,-1.16092730250114,-1.20017039291366,0.165202511148468,-0.803891529069593,0,1,0,0,1,1,0,1,0,1,1,1
1,1.31036166846788,2.15341455754009,-1.00777085814003,1.04219929172899,-1.30021242046776,-0.633337309905768,-0.47695200364396,-1.01860989494603,-0.702216513636524,0.296690767214576,1.0997761844887,-0.151909701120746,0.733830877122238,0.358460763689909,-1.42799385887739,0.839593689704775,-0.0430818189218815,0.644081812216281,0.676023537354706,-2.17352453427021,0.883881625171556,-0.185494054418137,2.89199797401854,0.186126043813435,0.18801917152758,1.34664378919471,0.0214668921060349,1.4304223407659,0,1,1,1,1,0,0,1,1,0,1,1
0,-0.574709367864095,0.154727955291536,-0.538494145435449,-1.34102467911729,1.30557914885321,-0.558574586995194,1.54786618026735,0.9183950922588,-0.0735823290918006,-0.183909161841362,0.265884430744274,-0.378999750635941,0.721727480526789,0.618693797313401,-0.585475864593803,-1.08791699191972,-1.75132565850219,0.385469796323742,-0.634536199101447,-0.144620786278183,-1.26307000505738,-0.156893568841794,-0.59551469887832,-0.0999178806305493,0.747043145804248,0.108212477337356,-0.487109373608112,-0.679545119721518,0,1,1,1,1,0,1,0,0,0,0,1
1,0.289176865567804,0.980455558940544,-0.25619897421072,-0.896130173223062,-1.21868878339602,-0.847659613768444,-0.304662626378514,-2.3599569280335,0.545471042466304,0.792806198447056,-0.41655165789874,-0.620364717127753,-0.89466222755458,-0.298556590458937,1.1331774340546,-0.919233093193581,-0.575400088211837,-0.490108404192134,-0.888646954866843,-0.985191717669494,-0.387188225816143,0.587632855903019,1.56810851562727,-1.37216370897859,-0.176191735261343,1.91610158400964,-0.232841079971335,-0.757184768431132,0,0,0,1,0,0,1,1,1,0,0,0
1,-1.21754895156765,1.30522855802596,-0.550398193474281,-1.13527068418606,0.398551766302687,-1.12160476668171,1.40050126549559,0.0366706298759465,0.0787464579576,-0.759147420963442,1.13120933683259,1.72846124630482,0.223172317440754,0.197177574745264,1.93523024461816,-0.423085668170282,0.0912457580402299,2.89746569123869,0.494082711661224,-0.865728183838425,-0.16224778457328,0.627864469876214,-1.49804409900469,-0.612245680912553,1.31032385884171,-1.86565091187339,-0.121773961362693,0.71470849995874,0,1,0,0,1,1,1,0,0,0,1,1
1,0.381192967737576,-0.544611512152148,-0.030076367138634,0.111951207263312,0.593679215213363,-0.0775509893319145,-0.55004005900926,0.272265467465001,-0.129322886123238,-2.27679285258696,-1.27548848773545,0.23170616737761,-1.95149959886592,-0.919364907296215,0.192426881046489,1.19814991606538,1.56773052218855,0.342882383550295,1.38158217834953,0.773163242910464,-2.37893776890752,-0.0869459150481093,-0.122341973550275,1.4180287712744,1.07533721188752,-1.2706040906644,0.599529618137155,2.23834552292984,0,0,1,1,0,0,0,1,1,1,0,1
1,-0.406788298160915,0.797224375497768,-1.05501830387818,0.204318847220109,-1.13196800981451,-0.156871622110787,-0.00916165009480777,0.962022908511575,-0.846014945807886,-0.114661708214077,2.10599889149401,0.837260207169278,-0.74533918069455,0.0654594778317243,-0.570928437925705,-0.263498107349097,-0.323175805366591,-0.264808670157142,-0.953590316315704,-1.13507139339496,1.19447035976257,-0.00252012006715127,0.320115749778769,-1.19094671530487,1.10252948570614,0.298571491900289,-1.06282673132045,0.0577328494947394,1,0,0,0,0,1,0,1,0,1,0,1
1,2.87635936242006,0.186657778164276,-0.205198789282971,-0.640722687168588,-1.04862599603905,0.18933286871049,0.61254482752154,-0.775496575346651,0.0399444927403457,0.225123210884754,0.558027007096418,0.183504026539594,-0.0922277580138181,0.43571785516666,0.399650444552519,0.915853091760727,-1.17908927831649,-0.340089580708001,0.989907044695569,-0.042389060529165,1.0584370247511,-0.511895019826467,-0.0314288388315116,1.05488002191212,0.417988516177718,-1.26400154833133,0.164192555718646,-0.163466918539991,1,0,1,0,0,0,1,0,0,1,1,0
1,0.482200201990905,0.177934317867687,1.41862304165389,-0.73515102175522,0.276297015794407,0.190480614262331,-0.443271694343688,-0.92232708742553,1.39441359072163,-1.29498428448963,0.599870250057379,0.0313677468264475,1.81874986078567,-0.292743098575166,0.953944900547122,0.525671391888896,1.20084912054364,-0.6929581196727,2.17221179111447,0.0274656539526748,0.182471203627461,0.152008156551172,-1.91515680869081,0.555623537829619,-1.65125338109834,0.141364487467783,1.43152822864388,-0.0134559674220127,0,0,1,0,1,1,1,0,1,1,0,1
1,-0.866051510021487,0.598549490748619,-0.173704955989224,0.0325864021253169,-0.101726218966564,1.48449133178068,1.44933961044365,-0.575285665631396,0.589188465715937,0.418581490746666,0.492546329818957,1.01443106399574,-0.62424142629539,0.220935961858188,-0.0910377000930916,-1.20795621806452,0.0137121158534938,-0.498010428253947,0.0460843971387421,0.372905859859119,0.919104097665561,-0.236758458763654,-2.33938746152987,-2.07915697627312,0.191301808442732,0.216093437824665,0.633761140786964,0.42154322602814,0,1,0,1,0,0,1,0,0,1,1,0
1,1.16120464388516,0.0678569439960761,-1.75425459505938,-0.640549447417778,-1.14294023359205,-0.210463156350176,0.467364783888162,0.341314783276242,0.280027667563384,0.18450841054153,1.27478834437264,-0.0958582437220317,-1.22536223525443,1.3080329114076,0.822736029832239,-0.579600119184836,0.517941030039144,-1.1952846176485,0.511964134563564,0.188915952014541,0.35923257096687,0.847119476135795,-0.795294366371572,-2.02047087321122,-0.42929949011336,0.115544024460753,-0.779527124033211,1.09519990678172,0,1,0,0,0,1,0,1,1,0,0,0
1,0.605376477934334,-1.49065206476257,0.371047487651875,-1.82320769276857,0.732423462531777,-1.05016144550524,0.0234166156864116,-0.224650164475706,-0.355300327584432,-0.0259925742382838,0.585043898295413,0.399840384325756,0.53790843065627,-1.93835282130296,-0.0207608006533968,-2.05888741674579,0.888954092492066,-0.674700408505807,-0.6139797002711,-0.749387757341319,0.889183441260837,-0.65683682126181,-0.241729907635656,1.15655524823058,-0.354372180014001,0.879067800958296,-1.83328789873194,-1.62774602928538,1,0,1,1,0,1,0,1,1,1,0,0
1,-1.28334618525901,-1.05279699584388,1.49018963692099,1.02270005132502,2.3128363694831,0.876447224020553,0.220740789569389,-0.539821057869309,1.23188293799457,-2.10200005681494,-0.408105963038643,-1.02703292855366,-0.513017106611023,1.60868575830802,0.626467871428475,-0.0589886378731458,0.895543513494854,-1.29057098294679,0.103312789788952,2.20191578931402,-2.05532639150079,0.807304130317451,1.40837930670639,0.47613016937298,0.955542864144431,1.42774449713124,-0.476181816745236,1.47287450676251,1,1,1,1,1,0,0,0,0,0,0,0
0,2.28096345382476,-0.66870523560706,-0.14086279932641,0.166861992113238,0.629178085514825,-0.286064167983848,0.60633878974656,-0.608236680291578,0.155603493887041,0.658351889956475,-1.46466622843127,0.368313958344365,-1.04662951459755,0.540555257519793,0.110673751690964,1.58840485429463,1.81889042179872,1.81410775769737,-0.212581204621219,-0.253226411564859,0.249532158061753,1.2734228974808,-0.800467192228484,-0.421845489485961,-0.115268654627823,-2.66795508481649,-0.3820781217106,-0.499753848980633,1,0,1,1,0,1,1,0,0,0,0,0
1,0.506126206818463,-0.297995285245905,-1.19911048778234,0.0151341512775317,0.529803730062746,-0.69234341794037,0.232132462752787,-0.259479201172643,0.460388433178667,-2.05405456270608,-0.363882882556798,0.875134320121799,-0.787965225500971,0.505117502189536,-0.720942689580206,-1.3635892582588,-0.948132409774065,0.500236782131983,-1.45654236321008,0.782192334491453,0.0722629770882118,0.439162096641936,2.13748181549599,-0.149855539385738,-0.0365407783919561,-1.02350995560925,1.64106937890623,-1.15859935661936,0,0,0,1,1,1,1,1,0,1,1,1
1,-2.34132511063839,0.471102810994491,0.585337442011474,-0.269455795739744,-0.051450589816942,0.00103545682136717,-0.116522643697888,-0.404923928579854,-0.427047452162963,1.12172060131623,-0.65841885720804,0.579398337101002,-1.84833768558929,2.34684126106972,-0.792181986665027,1.03771647473358,0.738047841442787,1.65272822083317,0.41988220058149,0.191999752072298,0.0901675180591946,-1.59440039261573,-0.742383349795213,0.285729109540311,-1.71357199770109,-0.292112359129761,1.73427515738906,-1.29366010850403,1,1,0,1,0,1,1,1,0,1,0,1
1,-0.504628179447201,-0.315228732209985,0.839289485213107,0.539492173344649,0.322174799662163,0.420642870059314,-1.35644594808459,-1.50125105582447,0.178429647985006,-0.411814410131137,-0.618730268487468,-1.63275108756956,0.934183263419639,1.86242671362023,-1.97749532550396,-2.10595971798268,0.199934341029776,-1.26735728239729,-2.18200195433357,-0.669867950760173,0.587045829914125,1.08116468402822,-1.06234142919589,1.02552235811428,-0.418472839077322,-0.938660285572885,1.03023356696997,-0.78774076503637,1,0,1,1,0,0,0,1,1,1,1,0
1,-1.44009393525185,0.959897163056018,0.301514737176719,-0.189455717769308,-0.137854852798663,0.767429967967656,0.873645998619252,0.331668390856601,1.57258487776543,-0.826930991733126,0.726145248544208,0.127507395502431,0.618545098235468,1.76545329132259,-0.0182659425157384,1.46276600088585,-0.67762702515913,-0.529184041016581,-0.216150655652463,-0.482480236061295,-0.687070589535003,-0.234111213607712,-1.26217387970922,1.55780432846912,-0.827693457789871,-0.568556169208235,-0.213903997857849,0.604945626358636,0,0,1,0,0,0,0,0,1,0,1,0
0,-0.49857216135819,-0.316614415526595,1.45014534385314,-1.46403735834745,1.3305349848721,0.517599477844737,0.114291680718454,0.110582362568204,-0.506349320261531,0.737224163977152,1.22132822415252,0.20760944228626,0.0419802539619778,-0.651451881862661,-2.26544217109709,-1.24038327126468,-0.609810749063913,1.35606864610212,-0.606067716498489,1.23854524913941,0.736404084434714,0.320482021352916,-0.34354434857902,0.0229280140534009,1.50943230216749,0.749208151471159,-1.73728117933241,-1.0181682624374,1,0,0,0,0,0,0,0,0,0,0,1
0,0.465096448982392,1.15817174228688,0.510455505626367,2.21875485281898,0.276202268837984,-1.9712853462336,-1.2571134402068,1.60981023649601,0.675269173981795,0.920542576424111,-1.48166356990288,-0.905437331625118,-2.06680905762338,0.766774943045132,-0.500761995974051,-1.61640756809883,2.43308813769588,0.747865301154628,-1.03686658297396,2.66298575938693,-0.268483659322475,-0.974684879695705,-0.247971851079539,-0.172154639972822,0.483403567657734,-1.1358268115797,-0.460964661129674,-0.646700858131286,1,1,0,0,0,0,1,0,0,0,0,1
0,-0.00985725290873517,-0.114983560430128,3.06955720220035,1.83875563210962,0.646116941996109,-0.936683797954219,0.478107842050145,1.14522441453223,-0.427372691010996,0.374104762073789,0.409987546099571,-0.628444583063336,0.583418006355505,0.385103693118442,-0.626987102765878,-0.0906629532272732,-0.466980217311131,-0.299040583592689,-0.205852279632511,0.192354787824209,1.87698735370385,-0.530907780207925,0.100760490344548,1.46377297074731,-0.987818676361006,-0.775092354633471,-0.818250473251997,0.311829489939418,0,0,0,1,1,1,0,0,1,0,0,1
1,1.21107308416084,0.282613073664568,-0.790107990119212,0.657347223499772,-1.84648730642757,-1.82396847760974,0.46222290031319,0.686999046550235,-0.325660127907832,1.82877557900472,0.329356712539829,-0.760389075047163,0.105111351842076,2.06925096649468,-0.418033891867236,0.660043392396759,-1.19881278233417,1.59064503551715,0.633724525187524,-0.549385003746959,-1.01208543997591,-0.386246502295177,0.296767469092222,0.35545415811424,-0.0286512391595447,0.633165335867404,1.05439113440284,1.2853072192599,1,1,1,1,0,0,0,0,0,0,0,0
0,0.498492874978402,0.367730653842352,0.201914721637806,0.0846368250160086,-0.540112792062106,-1.0535181827584,-1.45885514988312,-1.31143027413954,-0.316725061015542,1.97687157748824,0.389201585277888,0.126749066835131,0.684321988633072,0.0445814060437131,-0.714421315915689,0.258024150338938,-0.0240743241738404,0.050335507120531,0.576870809145184,1.61681892809786,-0.952094448509878,0.358683206474324,0.746404812543804,0.458526641256782,0.63128510950154,0.534322253226366,-1.33369673942539,-1.39956520965677,1,1,1,1,0,1,0,0,1,0,1,0
0,-0.105831776001081,2.70642337029222,1.03371481911216,-1.5338101024593,-0.0842331336355526,0.209128577907361,0.613001620872748,1.15691358073416,0.746308441661662,1.13774417175487,-1.07044636146659,0.651761253356627,2.26936896295094,0.137340737374463,1.3064749378263,1.82859131354044,-0.735387461433112,-0.180732609711664,-0.541597423146166,0.646867040878847,-2.50062539042321,-1.26125542179756,1.75933448852104,-1.209992990676,-0.717618171787895,-0.541854229240551,1.65048542539382,-0.590674732295056,0,0,1,1,0,0,0,0,0,1,0,0
1,-0.873368717676314,1.15450377993487,1.68182406010701,0.267722463978051,-0.801155275059325,-2.62698936470184,-0.6521209533106,-0.0343595012222286,1.01797927959258,-1.30302452762776,0.43366662511274,-1.2351747290652,0.396556515651149,0.439538995799525,-0.641111405199639,-0.217283131253871,0.59129587154108,0.262158657128249,0.00910659650530407,-1.66525158191153,0.907529061965907,0.513940281657983,0.655677178495593,-1.10472805293847,0.477825547129568,0.782677538506113,0.548196682618008,1.85249099716757,1,0,1,1,0,0,0,0,1,0,1,0
1,-1.24144416523892,-1.63730621419489,-1.72014247627508,0.699789989246972,-0.501894177166717,-0.302564859313596,-1.56154781131352,-0.519442062774952,-2.10254033573008,-1.42281880622714,1.23821875209368,-0.770864820010886,-0.960507823006544,0.76794155589601,0.160960498688169,-1.50283962574237,0.442969786632221,-0.381671619580993,0.207030861766037,1.38572258815461,0.0986015541639038,0.262574522926205,0.640270306643051,-0.606479330926455,0.371064235719381,-0.11199811871631,0.285310208631522,1.03121719531505,1,0,0,1,1,0,1,1,1,0,1,1
0,-0.649950319568664,-0.346510529653105,-0.00881346219800897,1.84544032269049,0.66317128590428,-0.131800247441311,-0.101172058722465,-0.10728610574864,-1.38827027987714,-0.147159388942883,1.8650724815355,-0.632362860879185,-0.0674424242749933,-0.636786829561813,-0.1543411092306,-0.28191710866041,0.765562970509368,-1.95580209628317,-1.45440347396361,-1.3852497835985,-0.675802891333121,0.562192037369631,-0.50952432034465,0.667805918774296,-0.187927234938377,0.176745017029704,0.637616059793976,-2.25765948897792,1,0,0,1,0,1,1,1,0,1,0,0
0,0.438634345492253,-2.8538873923352,0.251552625093338,-1.17375778965635,-0.0874040877527522,0.133683890586847,-0.629102066983871,1.10749662800148,-0.903033537892148,1.08121192737822,0.315866726013502,-0.130171939398369,-1.79328661034778,1.03433892344579,0.163384445472843,1.18923495488608,0.875618793460673,-0.672752061066755,0.601811362508257,1.32223038375923,0.516189281851685,0.690270061938011,-1.36858070232659,1.43831706630937,0.636072732759556,0.922482155833117,0.411299932039981,-0.370384896805772,0,0,0,0,0,1,1,1,1,1,0,1
0,-0.652498316344492,-1.52363586244899,0.0796112504266948,-0.445112919349868,-0.421641191291844,-1.80958391332753,-1.96761062425733,-0.788130872549138,0.536298391241495,0.766326761606504,-1.23412144891638,-0.89989792944172,0.329413360883708,-0.731269006338884,-0.884311070439301,-0.475033919994011,0.24130036925789,-0.363103914503346,0.822349009626383,0.204280915920836,-0.866385231771166,-0.382964109174336,-0.438947532212215,0.978490932162722,1.17194272024239,0.216637988029254,-0.171439449127229,1.09926683254729,1,0,1,0,1,1,0,0,1,0,0,0
0,-0.482175462375113,-0.42922420264063,0.796099037250156,-1.53697379788445,-1.75292804328974,1.24655858043495,2.51632401227044,0.517153014520944,0.806845114410899,-0.523186237538531,0.496216201317449,-1.04589244924513,-1.0217981864945,0.294110049632314,-1.24712103335627,-0.0175137735918403,-1.19551963512022,0.125273711795166,0.778069430780732,0.733469010181895,-0.963390434177455,-0.642860508760383,0.03295066750119,-0.163443970395146,0.779475200429205,0.783215874553986,0.598399268302493,0.467781774388451,1,0,0,1,1,1,0,0,0,1,1,0
0,0.265028192759495,0.401621795631327,-1.35357026592318,-1.20840842758052,-1.16658082932862,-0.617922214100291,0.0904143157294215,0.00335164462867481,-0.649206035078109,0.977100099691491,-0.294697430384286,-1.56019950487365,-0.516063985079569,-2.76748593693399,0.150578870176938,-0.816748481887779,-1.91557362650924,-0.765439427986833,1.40215676383377,-0.0717032287457253,0.101692552494687,1.01960015432076,-0.553600279215025,0.731370621929425,0.2981278566437,-1.27702930235576,-0.997987264524593,-0.291737714716803,0,1,0,0,0,0,0,0,0,0,0,1
0,1.42388399914328,0.678256912927328,1.08114678567838,-0.376866495310706,-1.34169842165606,-0.766961555324015,0.279149057955327,1.0955793255491,0.889522067414132,-0.0815148852394764,1.12214204714947,0.351005568776335,0.174892715802029,0.282612926629016,-0.318361801004339,-0.568450670642363,-0.957534345512777,-1.22027563753647,-1.43994458289682,0.380193164001333,-0.889929131491576,0.646412589467845,-0.369669898689033,-1.11747201261948,1.63594339279654,0.59362436793816,2.06022900870969,-0.265530091340611,0,0,1,1,0,0,1,1,1,1,1,1
