"Day","Month","Year","Rented.Bike.Count","Hour","Temperature","Humidity","Wind.Speed.ms","Visibility.10m","Dew.Point.Temperature","Solar.Radiation","Rainfall.mm","Snowfall.cm","Holiday"
"01","08",2021,875,0,30.5,68,1.9,2000,23.9,0,0,0,"No Holiday"
"01","08",2021,724,1,29.9,70,1,2000,23.8,0,0,0,"No Holiday"
"01","08",2021,501,2,29.5,69,0.8,2000,23.2,0,0,0,"No Holiday"
"01","08",2021,362,3,29.1,64,0.5,1997,21.5,0,0,0,"No Holiday"
"01","08",2021,250,4,28.5,69,0.3,2000,22.2,0,0,0,"No Holiday"
"01","08",2021,315,5,28.3,68,0.3,2000,21.8,0,0,0,"No Holiday"
"01","08",2021,622,6,27.8,73,0.9,1971,22.5,0.01,0,0,"No Holiday"
"01","08",2021,1061,7,28.2,68,0.5,1748,21.7,0.27,0,0,"No Holiday"
"01","08",2021,1550,8,30.3,59,0.8,1920,21.3,1.02,0,0,"No Holiday"
"01","08",2021,853,9,32.4,53,0.7,1264,21.5,1.69,0,0,"No Holiday"
"01","08",2021,540,10,34.3,45,1,1919,20.6,2.31,0,0,"No Holiday"
"01","08",2021,521,11,35.8,41,1.6,1795,20.4,2.77,0,0,"No Holiday"
"01","08",2021,569,12,36.8,39,1.3,1944,20.5,2.8,0,0,"No Holiday"
"01","08",2021,533,13,37.9,38,2.3,1868,21.1,3.05,0,0,"No Holiday"
"01","08",2021,475,14,38.7,38,2.4,1943,21.8,3.12,0,0,"No Holiday"
"01","08",2021,531,15,39.3,37,2.3,1892,21.9,2.82,0,0,"No Holiday"
"01","08",2021,561,16,39.4,39,2.5,1897,22.8,2.42,0,0,"No Holiday"
"01","08",2021,1033,17,39,41,2.6,1881,23.3,1.83,0,0,"No Holiday"
"01","08",2021,1929,18,37.8,47,3.8,1931,24.5,1.09,0,0,"No Holiday"
"01","08",2021,1553,19,36.1,56,3.7,1837,25.9,0.47,0,0,"No Holiday"
"01","08",2021,1441,20,34.5,62,2.8,1701,26.1,0.02,0,0,"No Holiday"
"01","08",2021,1500,21,33.3,64,3,1680,25.5,0,0,0,"No Holiday"
"01","08",2021,1367,22,32.6,64,2.4,1703,24.8,0,0,0,"No Holiday"
"01","08",2021,1046,23,32.3,67,1,1592,25.3,0,0,0,"No Holiday"
"02","08",2021,850,0,31.9,67,1.5,1550,25,0,0,0,"No Holiday"
"02","08",2021,647,1,31.5,69,1.5,1512,25.1,0,0,0,"No Holiday"
"02","08",2021,459,2,31.5,68,0,1504,24.8,0,0,0,"No Holiday"
"02","08",2021,295,3,31.1,70,0.4,1449,24.9,0,0,0,"No Holiday"
"02","08",2021,215,4,31.1,54,1.9,2000,20.6,0,0,0,"No Holiday"
"02","08",2021,265,5,30.7,57,0.9,2000,21.1,0,0,0,"No Holiday"
"02","08",2021,578,6,30.4,54,1.3,2000,20,0.01,0,0,"No Holiday"
"02","08",2021,1006,7,30.5,53,1.1,2000,19.8,0.22,0,0,"No Holiday"
"02","08",2021,1579,8,31.6,50,1.1,1943,19.9,0.76,0,0,"No Holiday"
"02","08",2021,813,9,32.9,49,1.8,1843,20.7,1.53,0,0,"No Holiday"
"02","08",2021,549,10,34.4,46,2,1880,21.1,1.94,0,0,"No Holiday"
"02","08",2021,547,11,35.3,45,1.7,1829,21.5,2.27,0,0,"No Holiday"
"02","08",2021,562,12,36.6,41,2,1866,21.2,2.58,0,0,"No Holiday"
"02","08",2021,550,13,36.7,44,1.4,1765,22.4,1.9,0,0,"No Holiday"
"02","08",2021,535,14,37.3,40,1.8,1666,21.4,1.52,0,0,"No Holiday"
"02","08",2021,605,15,36.6,44,1.5,1771,22.3,1.13,0,0,"No Holiday"
"02","08",2021,676,16,37.9,39,1.6,1757,21.5,1.76,0,0,"No Holiday"
"02","08",2021,1066,17,37.4,44,2.3,1829,23,1.49,0,0,"No Holiday"
"02","08",2021,1881,18,36.7,47,2.5,1803,23.5,0.99,0,0,"No Holiday"
"02","08",2021,1605,19,35.2,52,2.3,1754,23.8,0.44,0,0,"No Holiday"
"02","08",2021,1480,20,33.9,58,2.4,1519,24.4,0.04,0,0,"No Holiday"
"02","08",2021,1535,21,33.3,63,1.2,1304,25.2,0,0,0,"No Holiday"
"02","08",2021,1375,22,32.9,64,1,1088,25.1,0,0,0,"No Holiday"
"02","08",2021,1020,23,32.4,64,1.7,1153,24.7,0,0,0,"No Holiday"
"03","08",2021,763,0,32.1,67,1.1,1077,25.1,0,0,0,"No Holiday"
"03","08",2021,675,1,31.7,68,0.3,1103,25,0,0,0,"No Holiday"
"03","08",2021,443,2,31.5,68,0.3,1001,24.8,0,0,0,"No Holiday"
"03","08",2021,327,3,31.2,68,1.4,968,24.5,0,0,0,"No Holiday"
"03","08",2021,236,4,31,73,0.5,990,25.5,0,0,0,"No Holiday"
"03","08",2021,266,5,30.5,72,0.5,1084,24.8,0,0,0,"No Holiday"
"03","08",2021,544,6,30.5,62,1.3,1583,22.3,0.01,0,0,"No Holiday"
"03","08",2021,937,7,30.8,58,1.6,1777,21.5,0.22,0,0,"No Holiday"
"03","08",2021,1471,8,31.8,55,1.3,1537,21.6,0.78,0,0,"No Holiday"
"03","08",2021,784,9,33,50,1.7,1722,21.1,1.49,0,0,"No Holiday"
"03","08",2021,530,10,34.3,48,2.5,1822,21.7,2.12,0,0,"No Holiday"
"03","08",2021,575,11,35.7,42,1.6,1727,20.7,2.56,0,0,"No Holiday"
"03","08",2021,585,12,36.8,41,2.1,1759,21.3,2.53,0,0,"No Holiday"
"03","08",2021,585,13,36.8,44,1.8,1625,22.5,1.79,0,0,"No Holiday"
"03","08",2021,575,14,37.4,40,2.8,1519,21.5,2.03,0,0,"No Holiday"
"03","08",2021,600,15,37.4,44,3.2,1499,23,2.71,0,0,"No Holiday"
"03","08",2021,763,16,36.7,44,3.5,1666,22.4,2.16,0,0,"No Holiday"
"03","08",2021,1105,17,35.8,49,3.9,1633,23.4,1.52,0,0,"No Holiday"
"03","08",2021,1920,18,34.4,53,3.3,1650,23.4,0.8,0,0,"No Holiday"
"03","08",2021,1558,19,33.5,54,2.7,1871,22.9,0.35,0,0,"No Holiday"
"03","08",2021,1517,20,32.2,58,1.9,1673,22.8,0.02,0,0,"No Holiday"
"03","08",2021,1511,21,31.2,63,1.7,1537,23.3,0,0,0,"No Holiday"
"03","08",2021,1421,22,30.6,64,1.2,1705,23,0,0,0,"No Holiday"
"03","08",2021,1103,23,30.2,62,0.8,1708,22.1,0,0,0,"No Holiday"
"04","08",2021,953,0,30,61,1.7,1794,21.6,0,0,0,"No Holiday"
"04","08",2021,872,1,29.9,61,1.1,1745,21.5,0,0,0,"No Holiday"
"04","08",2021,594,2,29.9,59,1.9,1902,21,0,0,0,"No Holiday"
"04","08",2021,435,3,29.7,57,1.5,1964,20.2,0,0,0,"No Holiday"
"04","08",2021,304,4,29.5,60,1.2,1774,20.9,0,0,0,"No Holiday"
"04","08",2021,234,5,29.2,62,2.1,1835,21.1,0,0,0,"No Holiday"
"04","08",2021,289,6,29.1,63,1.6,1818,21.3,0,0,0,"No Holiday"
"04","08",2021,405,7,29.4,62,1.9,1758,21.3,0.24,0,0,"No Holiday"
"04","08",2021,568,8,30.2,61,1.8,1562,21.8,0.65,0,0,"No Holiday"
"04","08",2021,598,9,31.3,58,1.9,1598,22,1.24,0,0,"No Holiday"
"04","08",2021,569,10,32.3,56,1.7,1625,22.3,1.61,0,0,"No Holiday"
"04","08",2021,655,11,33.4,52,2.8,1462,22.1,2.19,0,0,"No Holiday"
"04","08",2021,640,12,33.2,52,2.5,1514,22,1.59,0,0,"No Holiday"
"04","08",2021,703,13,33.6,54,3.7,1754,23,2.56,0,0,"No Holiday"
"04","08",2021,676,14,33.1,54,4.2,1879,22.5,2.09,0,0,"No Holiday"
"04","08",2021,690,15,34.7,48,3.6,1973,22,2.47,0,0,"No Holiday"
"04","08",2021,700,16,34.5,49,4,1925,22.2,2.35,0,0,"No Holiday"
"04","08",2021,901,17,34.3,48,3.4,2000,21.7,1.82,0,0,"No Holiday"
"04","08",2021,1044,18,33.2,52,3.7,1986,22,1.14,0,0,"No Holiday"
"04","08",2021,1277,19,32,57,2.9,2000,22.4,0.48,0,0,"No Holiday"
"04","08",2021,1387,20,30.2,66,2.8,2000,23.1,0.02,0,0,"No Holiday"
"04","08",2021,1377,21,29.2,73,1.9,1933,23.8,0,0,0,"No Holiday"
"04","08",2021,1337,22,28.6,74,2.5,1804,23.5,0,0,0,"No Holiday"
"04","08",2021,1155,23,28.2,78,2.5,1678,23.9,0,0,0,"No Holiday"
"05","08",2021,983,0,28,82,1.4,1221,24.6,0,0,0,"No Holiday"
"05","08",2021,758,1,27.7,83,2.7,1128,24.5,0,0,0,"No Holiday"
"05","08",2021,509,2,27.5,83,2.7,1118,24.3,0,0,0,"No Holiday"
"05","08",2021,401,3,27.3,84,1.7,1089,24.3,0,0,0,"No Holiday"
"05","08",2021,253,4,27.3,83,2.2,1054,24.1,0,0,0,"No Holiday"
"05","08",2021,188,5,27.3,84,0.8,1067,24.3,0,0,0,"No Holiday"
"05","08",2021,222,6,27.3,83,1.4,1080,24.1,0,0,0,"No Holiday"
"05","08",2021,223,7,27.5,86,1.8,485,24.9,0.03,0.4,0,"No Holiday"
"05","08",2021,309,8,27.5,95,0.7,404,26.6,0.14,1.6,0,"No Holiday"
"05","08",2021,422,9,29.1,76,2.2,1041,24.4,1.38,0,0,"No Holiday"
"05","08",2021,461,10,29.5,78,2,1091,25.2,1.28,0,0,"No Holiday"
"05","08",2021,499,11,31.2,63,2.6,1695,23.3,1.99,0,0,"No Holiday"
"05","08",2021,565,12,32.5,59,3.4,1780,23.4,2.33,0,0,"No Holiday"
"05","08",2021,600,13,33,56,3.5,1857,23,2.68,0,0,"No Holiday"
"05","08",2021,639,14,33.3,55,4.7,1921,23,3.05,0,0,"No Holiday"
"05","08",2021,712,15,33.7,55,3.7,1843,23.3,2.67,0,0,"No Holiday"
"05","08",2021,818,16,33.6,57,3.5,1901,23.8,2.19,0,0,"No Holiday"
"05","08",2021,978,17,32.8,61,4,1878,24.2,1.46,0,0,"No Holiday"
"05","08",2021,1247,18,31.8,63,4,1849,23.8,0.81,0,0,"No Holiday"
"05","08",2021,1411,19,30.9,68,3.3,1821,24.2,0.52,0,0,"No Holiday"
"05","08",2021,1524,20,30,72,3.5,1765,24.3,0.09,0,0,"No Holiday"
"05","08",2021,1465,21,29.3,75,3.6,1674,24.4,0,0,0,"No Holiday"
"05","08",2021,1286,22,29.1,77,3,1559,24.6,0,0,0,"No Holiday"
"05","08",2021,942,23,28.8,79,1.3,1484,24.7,0,0,0,"No Holiday"
"06","08",2021,707,0,28.7,79,2.2,1473,24.6,0,0,0,"No Holiday"
"06","08",2021,455,1,28.7,80,1.5,1295,24.8,0,0,0,"No Holiday"
"06","08",2021,309,2,28.6,80,1.2,1163,24.8,0,0,0,"No Holiday"
"06","08",2021,219,3,28.6,81,1.1,1105,25,0,0,0,"No Holiday"
"06","08",2021,162,4,28.4,82,0.5,1144,25,0,0,0,"No Holiday"
"06","08",2021,258,5,28.3,83,1.7,969,25.1,0,0,0,"No Holiday"
"06","08",2021,546,6,28.3,83,1.1,900,25.1,0,0,0,"No Holiday"
"06","08",2021,699,7,28.5,82,0.8,914,25.1,0.09,0,0,"No Holiday"
"06","08",2021,797,8,28.7,86,1.4,532,26.1,0.32,0.5,0,"No Holiday"
"06","08",2021,614,9,28.4,87,1.7,1313,26,0.56,4,0,"No Holiday"
"06","08",2021,533,10,29.8,76,1.4,850,25.1,1.52,0,0,"No Holiday"
"06","08",2021,569,11,31.3,70,1,1227,25.1,1.89,0,0,"No Holiday"
"06","08",2021,613,12,33.2,59,2.6,1289,24,2.37,0,0,"No Holiday"
"06","08",2021,666,13,34.3,54,2.2,1540,23.6,2.93,0,0,"No Holiday"
"06","08",2021,571,14,34,59,3.2,1180,24.8,1.98,0,0,"No Holiday"
"06","08",2021,646,15,33.6,58,3.6,1448,24.1,1.98,0,0,"No Holiday"
"06","08",2021,752,16,34.6,55,2.5,1650,24.2,2.01,0,0,"No Holiday"
"06","08",2021,1063,17,35,53,1.5,1618,23.9,1.78,0,0,"No Holiday"
"06","08",2021,1956,18,32.8,63,1.3,1799,24.8,0.31,0,0,"No Holiday"
"06","08",2021,1548,19,32.2,65,0.8,1894,24.7,0.1,0,0,"No Holiday"
"06","08",2021,1537,20,31.3,65,2,1586,23.9,0.02,0,0,"No Holiday"
"06","08",2021,1611,21,30.6,70,1.6,1542,24.4,0,0,0,"No Holiday"
"06","08",2021,1371,22,30.1,72,0.4,1806,24.4,0,0,0,"No Holiday"
"06","08",2021,969,23,29.4,79,1.2,777,25.3,0,2,0,"No Holiday"
"07","08",2021,842,0,28.8,72,0.8,2000,23.2,0,0,0,"No Holiday"
"07","08",2021,619,1,28.2,68,0.9,2000,21.7,0,0,0,"No Holiday"
"07","08",2021,443,2,27.9,68,0.9,2000,21.4,0,0,0,"No Holiday"
"07","08",2021,278,3,27.6,69,0.9,2000,21.3,0,0,0,"No Holiday"
"07","08",2021,201,4,27.3,68,0.7,2000,20.8,0,0,0,"No Holiday"
"07","08",2021,273,5,27.1,69,0.9,2000,20.9,0,0,0,"No Holiday"
"07","08",2021,634,6,26.8,70,0.7,2000,20.8,0,0,0,"No Holiday"
"07","08",2021,1059,7,27,69,0.8,2000,20.8,0.23,0,0,"No Holiday"
"07","08",2021,1695,8,28.5,64,2,2000,21,0.89,0,0,"No Holiday"
"07","08",2021,961,9,29.3,66,1.1,2000,22.2,1.07,0,0,"No Holiday"
"07","08",2021,635,10,30.1,65,1.2,2000,22.7,1.11,0,0,"No Holiday"
"07","08",2021,657,11,31.4,59,0.8,2000,22.4,1.3,0,0,"No Holiday"
"07","08",2021,770,12,31.9,57,0.9,1981,22.3,1.28,0,0,"No Holiday"
"07","08",2021,662,13,33,55,1,1967,22.7,1.49,0,0,"No Holiday"
"07","08",2021,658,14,34,50,1.2,1744,22.1,1.68,0,0,"No Holiday"
"07","08",2021,698,15,34.3,49,1,1633,22,1.62,0,0,"No Holiday"
"07","08",2021,855,16,35.4,45,2.6,1529,21.6,1.84,0,0,"No Holiday"
"07","08",2021,1232,17,35.6,44,2.4,1860,21.4,1.69,0,0,"No Holiday"
"07","08",2021,2274,18,34.6,50,3.1,1821,22.6,1,0,0,"No Holiday"
"07","08",2021,1898,19,32.9,56,2.6,1944,22.9,0.4,0,0,"No Holiday"
"07","08",2021,1836,20,31.1,64,2.7,1770,23.4,0.02,0,0,"No Holiday"
"07","08",2021,1826,21,30.3,69,2.2,1834,23.9,0,0,0,"No Holiday"
"07","08",2021,1664,22,29.8,75,1.4,1609,24.8,0,0,0,"No Holiday"
"07","08",2021,1136,23,29.5,78,1.4,1469,25.2,0,0,0,"No Holiday"
"08","08",2021,853,0,29.1,77,2.1,1465,24.6,0,0,0,"No Holiday"
"08","08",2021,700,1,28.5,80,1.5,1306,24.7,0,0,0,"No Holiday"
"08","08",2021,489,2,28.3,84,2.1,1099,25.3,0,0,0,"No Holiday"
"08","08",2021,322,3,28.3,84,0.5,1006,25.3,0,0,0,"No Holiday"
"08","08",2021,183,4,28,85,1,1079,25.2,0,0,0,"No Holiday"
"08","08",2021,260,5,27.9,84,0,1172,24.9,0,0,0,"No Holiday"
"08","08",2021,614,6,27.6,84,1.2,1123,24.6,0.01,0,0,"No Holiday"
"08","08",2021,1079,7,28.2,82,1.5,985,24.8,0.19,0,0,"No Holiday"
"08","08",2021,1693,8,28.6,80,1.6,708,24.8,0.49,0,0,"No Holiday"
"08","08",2021,920,9,30.2,66,1.4,1131,23.1,1.48,0,0,"No Holiday"
"08","08",2021,657,10,31.6,58,2.3,1528,22.3,2.02,0,0,"No Holiday"
"08","08",2021,624,11,32.7,55,2.7,1836,22.4,2.44,0,0,"No Holiday"
"08","08",2021,629,12,34.1,46,1.6,1885,20.8,2.72,0,0,"No Holiday"
"08","08",2021,673,13,34.4,48,2.1,1921,21.7,2.37,0,0,"No Holiday"
"08","08",2021,670,14,33.6,50,3.5,1993,21.7,1.15,0,0,"No Holiday"
"08","08",2021,687,15,34.5,47,3.2,1958,21.5,2.32,0,0,"No Holiday"
"08","08",2021,839,16,35.1,40,2.6,1989,19.4,2.29,0,0,"No Holiday"
"08","08",2021,1266,17,35,37,2.6,2000,18.1,1.72,0,0,"No Holiday"
"08","08",2021,2326,18,34.5,45,2,2000,20.8,1,0,0,"No Holiday"
"08","08",2021,1983,19,32.6,60,3.5,1982,23.8,0.37,0,0,"No Holiday"
"08","08",2021,1822,20,31,66,2.9,1857,23.8,0.02,0,0,"No Holiday"
"08","08",2021,1783,21,29.7,71,3.2,1934,23.8,0,0,0,"No Holiday"
"08","08",2021,1628,22,29.5,73,0.9,1936,24.1,0,0,0,"No Holiday"
"08","08",2021,1180,23,29.1,77,0.4,1552,24.6,0,0,0,"No Holiday"
"09","08",2021,929,0,28.9,75,1.6,1946,24,0,0,0,"No Holiday"
"09","08",2021,733,1,28.8,75,2.1,1975,23.9,0,0,0,"No Holiday"
"09","08",2021,466,2,28.5,79,1.2,1546,24.4,0,0,0,"No Holiday"
"09","08",2021,334,3,28.3,80,1.4,1617,24.5,0,0,0,"No Holiday"
"09","08",2021,189,4,28.1,81,1.5,1729,24.5,0,0,0,"No Holiday"
"09","08",2021,292,5,27.8,82,1,1599,24.4,0,0,0,"No Holiday"
"09","08",2021,619,6,27.7,84,1.4,1436,24.7,0,0,0,"No Holiday"
"09","08",2021,1088,7,27.9,81,1.8,1497,24.3,0.12,0,0,"No Holiday"
"09","08",2021,1731,8,28.6,75,1.2,1588,23.7,0.56,0,0,"No Holiday"
"09","08",2021,977,9,29.4,64,2.3,1926,21.8,0.9,0,0,"No Holiday"
"09","08",2021,649,10,30.4,63,1.8,1883,22.5,1.32,0,0,"No Holiday"
"09","08",2021,659,11,30.8,63,2.4,1919,22.9,0.94,0,0,"No Holiday"
"09","08",2021,484,12,31.1,63,3,1795,23.2,1.14,0,0,"No Holiday"
"09","08",2021,628,13,29.7,80,1.7,1312,25.8,0.73,0.4,0,"No Holiday"
"09","08",2021,561,14,30.8,69,1.8,1218,24.4,1.58,0,0,"No Holiday"
"09","08",2021,644,15,31.2,67,2.7,1368,24.3,1.39,0,0,"No Holiday"
"09","08",2021,559,16,31.6,73,3,1133,26.1,1.57,0,0,"No Holiday"
"09","08",2021,740,17,28.8,83,4,969,25.6,0.39,1.1,0,"No Holiday"
"09","08",2021,1850,18,28.1,86,2.3,1244,25.5,0.28,0.5,0,"No Holiday"
"09","08",2021,1698,19,28.2,82,0.4,1832,24.8,0.16,0,0,"No Holiday"
"09","08",2021,1591,20,27.9,78,0.6,1989,23.7,0.03,0,0,"No Holiday"
"09","08",2021,1654,21,27.8,82,0.3,1397,24.4,0,0,0,"No Holiday"
"09","08",2021,1494,22,27.5,82,0.4,1228,24.1,0,0,0,"No Holiday"
"09","08",2021,1075,23,27.3,81,0,1287,23.7,0,0,0,"No Holiday"
"10","08",2021,903,0,27.1,84,0.2,1161,24.1,0,0,0,"No Holiday"
"10","08",2021,708,1,26.9,84,0.2,1061,23.9,0,0,0,"No Holiday"
"10","08",2021,484,2,26.9,84,0.8,1007,23.9,0,0,0,"No Holiday"
"10","08",2021,346,3,26.7,84,0.4,994,23.7,0,0,0,"No Holiday"
"10","08",2021,214,4,26.3,85,0.4,1216,23.5,0,0,0,"No Holiday"
"10","08",2021,283,5,26.1,83,0.3,1617,22.9,0,0,0,"No Holiday"
"10","08",2021,645,6,25.7,83,0.6,1483,22.5,0,0,0,"No Holiday"
"10","08",2021,1027,7,26,78,0.7,1988,21.8,0.16,0,0,"No Holiday"
"10","08",2021,1728,8,27.2,69,1.8,1999,21,0.7,0,0,"No Holiday"
"10","08",2021,892,9,29,64,0.8,1987,21.4,1.45,0,0,"No Holiday"
"10","08",2021,683,10,30.5,58,0.6,1875,21.2,1.84,0,0,"No Holiday"
"10","08",2021,697,11,31.9,53,1.2,2000,21.1,2.33,0,0,"No Holiday"
"10","08",2021,721,12,33.4,47,1.3,2000,20.5,2.51,0,0,"No Holiday"
"10","08",2021,696,13,34.2,41,1.7,2000,19,2.31,0,0,"No Holiday"
"10","08",2021,658,14,35.1,44,1.6,2000,21,2.25,0,0,"No Holiday"
"10","08",2021,725,15,34.8,47,2.4,2000,21.8,2.21,0,0,"No Holiday"
"10","08",2021,853,16,36.4,40,3.2,2000,20.6,2.59,0,0,"No Holiday"
"10","08",2021,1293,17,36.3,40,2.7,2000,20.5,1.93,0,0,"No Holiday"
"10","08",2021,2289,18,35.2,44,2.6,2000,21.1,1.23,0,0,"No Holiday"
"10","08",2021,1903,19,33.4,49,2.6,2000,21.2,0.32,0,0,"No Holiday"
"10","08",2021,1702,20,32.2,52,2.3,2000,21,0.02,0,0,"No Holiday"
"10","08",2021,1641,21,31.3,55,0.9,2000,21.1,0,0,0,"No Holiday"
"10","08",2021,1544,22,30.9,54,0.8,2000,20.5,0,0,0,"No Holiday"
"10","08",2021,1198,23,30.4,58,1.4,2000,21.2,0,0,0,"No Holiday"
"11","08",2021,1022,0,29.8,63,2,2000,21.9,0,0,0,"No Holiday"
"11","08",2021,881,1,29,67,1.1,2000,22.2,0,0,0,"No Holiday"
"11","08",2021,691,2,28.5,68,1.1,1839,22,0,0,0,"No Holiday"
"11","08",2021,441,3,27.9,69,0.8,2000,21.6,0,0,0,"No Holiday"
"11","08",2021,266,4,27.4,69,1,2000,21.2,0,0,0,"No Holiday"
"11","08",2021,263,5,26.9,69,0.7,2000,20.7,0,0,0,"No Holiday"
"11","08",2021,355,6,26.5,69,0.8,2000,20.3,0,0,0,"No Holiday"
"11","08",2021,425,7,26.7,67,0.8,2000,20,0.13,0,0,"No Holiday"
"11","08",2021,647,8,28,60,1,2000,19.5,0.91,0,0,"No Holiday"
"11","08",2021,672,9,29.7,58,1.3,1955,20.5,1.68,0,0,"No Holiday"
"11","08",2021,643,10,31.3,53,1.8,2000,20.5,2.34,0,0,"No Holiday"
"11","08",2021,766,11,31.5,54,2.5,1918,21,1.78,0,0,"No Holiday"
"11","08",2021,759,12,33.2,50,2.3,2000,21.3,2.84,0,0,"No Holiday"
"11","08",2021,830,13,34.1,45,1.5,1993,20.4,2.57,0,0,"No Holiday"
"11","08",2021,733,14,34.5,43,2.6,2000,20,2.37,0,0,"No Holiday"
"11","08",2021,694,15,35,41,1.5,2000,19.7,2.4,0,0,"No Holiday"
"11","08",2021,826,16,35.6,39,2.7,2000,19.5,1.81,0,0,"No Holiday"
"11","08",2021,1006,17,35.8,36,2.2,2000,18.3,1.58,0,0,"No Holiday"
"11","08",2021,1274,18,34.4,40,1.8,2000,18.8,0.65,0,0,"No Holiday"
"11","08",2021,1482,19,33.8,44,2.2,2000,19.8,0.3,0,0,"No Holiday"
"11","08",2021,1469,20,32.8,47,1.9,2000,19.9,0.01,0,0,"No Holiday"
"11","08",2021,1437,21,31.6,63,1.2,1980,23.6,0,0,0,"No Holiday"
"11","08",2021,1351,22,31.3,53,2.3,2000,20.5,0,0,0,"No Holiday"
"11","08",2021,1076,23,30.7,55,1.5,2000,20.6,0,0,0,"No Holiday"
"12","08",2021,997,0,29.9,56,2,2000,20.1,0,0,0,"No Holiday"
"12","08",2021,703,1,29.4,58,1.5,2000,20.2,0,0,0,"No Holiday"
"12","08",2021,554,2,29,60,1.4,2000,20.4,0,0,0,"No Holiday"
"12","08",2021,387,3,28.5,62,1.6,2000,20.5,0,0,0,"No Holiday"
"12","08",2021,260,4,28.1,63,0.8,2000,20.3,0,0,0,"No Holiday"
"12","08",2021,196,5,27.7,65,1.4,2000,20.5,0,0,0,"No Holiday"
"12","08",2021,261,6,27.2,66,0.9,2000,20.2,0,0,0,"No Holiday"
"12","08",2021,316,7,27.4,61,0.6,2000,19.2,0.17,0,0,"No Holiday"
"12","08",2021,520,8,28.6,54,1.1,2000,18.3,0.82,0,0,"No Holiday"
"12","08",2021,568,9,29.7,55,1.6,2000,19.6,1.44,0,0,"No Holiday"
"12","08",2021,483,10,31.6,51,2.3,1969,20.2,2.3,0,0,"No Holiday"
"12","08",2021,526,11,32.8,49,2.8,2000,20.6,2.87,0,0,"No Holiday"
"12","08",2021,670,12,33.8,44,2,1899,19.8,2.72,0,0,"No Holiday"
"12","08",2021,704,13,34,47,1.4,2000,21,2.24,0,0,"No Holiday"
"12","08",2021,697,14,35,45,2.2,1957,21.2,2.73,0,0,"No Holiday"
"12","08",2021,820,15,34.9,46,2,2000,21.5,1.54,0,0,"No Holiday"
"12","08",2021,959,16,34.1,47,2.5,2000,21.1,0.61,0,0,"No Holiday"
"12","08",2021,1156,17,33.7,48,2.3,2000,21.1,0.41,0,0,"No Holiday"
"12","08",2021,1225,18,33.4,49,1.6,1971,21.2,0.25,0,0,"No Holiday"
"12","08",2021,1117,19,32,76,2.1,692,27.2,0.1,1,0,"No Holiday"
"12","08",2021,1208,20,29.4,86,1.1,1194,26.8,0.03,4,0,"No Holiday"
"12","08",2021,1337,21,28.9,83,0.3,1449,25.7,0,0,0,"No Holiday"
"12","08",2021,1127,22,28.8,79,0.2,1604,24.7,0,0,0,"No Holiday"
"12","08",2021,707,23,28.7,81,0.4,1586,25.1,0,0,0,"No Holiday"
"13","08",2021,409,0,28.4,85,1.3,1406,25.6,0,0,0,"No Holiday"
"13","08",2021,231,1,28.2,88,0.2,929,26,0,1,0,"No Holiday"
"13","08",2021,212,2,28.1,78,0.9,1191,23.8,0,0,0,"No Holiday"
"13","08",2021,196,3,27.7,88,0.5,833,25.5,0,0,0,"No Holiday"
"13","08",2021,151,4,27.1,91,0.9,585,25.4,0,0,0,"No Holiday"
"13","08",2021,230,5,26.8,90,0.6,591,25,0,0,0,"No Holiday"
"13","08",2021,594,6,26.7,89,0.6,615,24.7,0,0,0,"No Holiday"
"13","08",2021,1065,7,27,86,0.9,718,24.4,0.22,0,0,"No Holiday"
"13","08",2021,1657,8,28,78,1.1,865,23.7,0.74,0,0,"No Holiday"
"13","08",2021,903,9,29.4,74,2,917,24.2,1.18,0,0,"No Holiday"
"13","08",2021,639,10,30.6,67,0.7,1354,23.7,1.2,0,0,"No Holiday"
"13","08",2021,677,11,31.7,58,1.1,1584,22.4,1.27,0,0,"No Holiday"
"13","08",2021,724,12,33.4,54,2.6,1648,22.8,2.09,0,0,"No Holiday"
"13","08",2021,698,13,33,54,1.7,1458,22.4,1.23,0,0,"No Holiday"
"13","08",2021,651,14,33.6,55,1.1,1375,23.3,0.94,0,0,"No Holiday"
"13","08",2021,709,15,34,51,1.8,1508,22.4,0.98,0,0,"No Holiday"
"13","08",2021,901,16,33.5,52,2.2,1804,22.2,0.91,0,0,"No Holiday"
"13","08",2021,1358,17,33.2,55,2.7,1600,22.9,0.55,0,0,"No Holiday"
"13","08",2021,2367,18,33.1,59,3.1,1726,24,0.72,0,0,"No Holiday"
"13","08",2021,2036,19,32.1,60,2.3,1987,23.3,0.25,0,0,"No Holiday"
"13","08",2021,1847,20,31,64,2.9,1992,23.3,0.01,0,0,"No Holiday"
"13","08",2021,1851,21,30.4,66,1.6,2000,23.3,0,0,0,"No Holiday"
"13","08",2021,1635,22,29.9,60,1.3,2000,21.2,0,0,0,"No Holiday"
"13","08",2021,1086,23,29.6,63,0.1,2000,21.8,0,0,0,"No Holiday"
"14","08",2021,872,0,29.3,68,1.6,2000,22.7,0,0,0,"No Holiday"
"14","08",2021,681,1,28.9,71,1.2,1982,23.1,0,0,0,"No Holiday"
"14","08",2021,467,2,28.6,70,1.5,2000,22.5,0,0,0,"No Holiday"
"14","08",2021,345,3,28.4,73,1.4,1990,23,0,0,0,"No Holiday"
"14","08",2021,209,4,28.1,71,0.4,2000,22.3,0,0,0,"No Holiday"
"14","08",2021,254,5,27.9,71,0.3,2000,22.1,0,0,0,"No Holiday"
"14","08",2021,643,6,27.8,71,0.1,2000,22,0,0,0,"No Holiday"
"14","08",2021,1097,7,27.9,71,0.4,2000,22.1,0.13,0,0,"No Holiday"
"14","08",2021,1708,8,29.3,63,0.9,1810,21.5,0.76,0,0,"No Holiday"
"14","08",2021,944,9,31,56,0.8,1945,21.1,1.32,0,0,"No Holiday"
"14","08",2021,615,10,31.7,57,1.3,1875,22.1,1.25,0,0,"No Holiday"
"14","08",2021,636,11,32.4,54,1.9,1962,21.8,0.96,0,0,"No Holiday"
"14","08",2021,699,12,33.9,49,1.5,1841,21.6,1.91,0,0,"No Holiday"
"14","08",2021,695,13,35.7,38,2.4,1863,19.1,2.5,0,0,"No Holiday"
"14","08",2021,627,14,36.2,41,2.9,1814,20.8,2.68,0,0,"No Holiday"
"14","08",2021,700,15,37.2,38,2.5,1832,20.5,2.68,0,0,"No Holiday"
"14","08",2021,920,16,36.3,41,2.4,1957,20.9,1.85,0,0,"No Holiday"
"14","08",2021,1306,17,34.7,51,3,2000,23,1.22,0,0,"No Holiday"
"14","08",2021,2305,18,33.7,53,2.4,2000,22.7,0.78,0,0,"No Holiday"
"14","08",2021,1972,19,32.7,56,2.2,2000,22.7,0.33,0,0,"No Holiday"
"14","08",2021,1705,20,31.8,59,0.9,2000,22.7,0,0,0,"No Holiday"
"14","08",2021,1684,21,31.3,59,0.3,2000,22.3,0,0,0,"No Holiday"
"14","08",2021,1587,22,30.9,63,0.7,2000,23,0,0,0,"No Holiday"
"14","08",2021,1165,23,30.3,65,0.4,2000,22.9,0,0,0,"No Holiday"
"15","08",2021,1034,0,30,67,0.8,1986,23.1,0,0,0,"Holiday"
"15","08",2021,850,1,29.6,69,0.4,1942,23.3,0,0,0,"Holiday"
"15","08",2021,676,2,29.5,68,0.4,1949,22.9,0,0,0,"Holiday"
"15","08",2021,474,3,29.1,70,0.3,1952,23,0,0,0,"Holiday"
"15","08",2021,310,4,28.8,73,0.5,1835,23.4,0,0,0,"Holiday"
"15","08",2021,227,5,28.6,73,0.8,1808,23.2,0,0,0,"Holiday"
"15","08",2021,346,6,28.4,74,1,1700,23.3,0,0,0,"Holiday"
"15","08",2021,429,7,28.6,71,0.6,1797,22.8,0.17,0,0,"Holiday"
"15","08",2021,553,8,29.9,60,0.8,1772,21.2,0.83,0,0,"Holiday"
"15","08",2021,563,9,32,53,1.6,2000,21.2,1.56,0,0,"Holiday"
"15","08",2021,547,10,33.5,49,1,1937,21.3,2.09,0,0,"Holiday"
"15","08",2021,586,11,35.4,44,1.2,1887,21.2,2.58,0,0,"Holiday"
"15","08",2021,563,12,36.5,41,1.1,1807,21.1,2.73,0,0,"Holiday"
"15","08",2021,591,13,36.9,39,1.5,2000,20.6,2.46,0,0,"Holiday"
"15","08",2021,627,14,37.2,38,0.9,1976,20.5,1.96,0,0,"Holiday"
"15","08",2021,761,15,37.4,38,1.4,2000,20.6,1.72,0,0,"Holiday"
"15","08",2021,877,16,36.6,39,0.7,2000,20.3,0.44,0,0,"Holiday"
"15","08",2021,960,17,33.6,55,3.9,1929,23.3,0.86,0,0,"Holiday"
"15","08",2021,925,18,32.8,63,2.3,1546,24.8,0.89,0.1,0,"Holiday"
"15","08",2021,1301,19,28.7,76,0.7,2000,24,0.11,0.9,0,"Holiday"
"15","08",2021,1500,20,28.4,69,1.5,2000,22.1,0.01,0,0,"Holiday"
"15","08",2021,1507,21,28.6,69,1.3,2000,22.3,0,0,0,"Holiday"
"15","08",2021,1350,22,28.6,67,1,2000,21.8,0,0,0,"Holiday"
"15","08",2021,1008,23,28.5,69,1.1,2000,22.2,0,0,0,"Holiday"
"16","08",2021,808,0,28.4,68,0.9,2000,21.9,0,0,0,"No Holiday"
"16","08",2021,535,1,28.2,70,1,2000,22.2,0,0,0,"No Holiday"
"16","08",2021,381,2,28.1,68,0.8,2000,21.6,0,0,0,"No Holiday"
"16","08",2021,252,3,27.9,68,0.6,2000,21.4,0,0,0,"No Holiday"
"16","08",2021,173,4,27.8,69,0.9,2000,21.5,0,0,0,"No Holiday"
"16","08",2021,263,5,28,66,0.5,2000,21,0,0,0,"No Holiday"
"16","08",2021,631,6,27.5,72,1.1,2000,21.9,0,0,0,"No Holiday"
"16","08",2021,1105,7,27.6,71,1.2,2000,21.8,0.14,0,0,"No Holiday"
"16","08",2021,1660,8,28.2,68,1.3,2000,21.7,0.41,0,0,"No Holiday"
"16","08",2021,876,9,30.6,55,1.1,2000,20.5,1.46,0,0,"No Holiday"
"16","08",2021,612,10,31.9,51,2.2,1939,20.4,2.04,0,0,"No Holiday"
"16","08",2021,672,11,33.5,48,2.4,1968,20.9,2.71,0,0,"No Holiday"
"16","08",2021,668,12,34.5,44,2.2,2000,20.4,3.19,0,0,"No Holiday"
"16","08",2021,652,13,35.1,39,2,2000,19,3.45,0,0,"No Holiday"
"16","08",2021,638,14,35.3,40,2,2000,19.6,3.17,0,0,"No Holiday"
"16","08",2021,720,15,35,38,2,2000,18.5,2.8,0,0,"No Holiday"
"16","08",2021,902,16,34.5,37,1.9,2000,17.6,2.36,0,0,"No Holiday"
"16","08",2021,1384,17,33.8,37,2.2,2000,17,1.74,0,0,"No Holiday"
"16","08",2021,2481,18,32.4,40,2.1,2000,17,1.04,0,0,"No Holiday"
"16","08",2021,2286,19,29.8,45,2.5,2000,16.5,0.36,0,0,"No Holiday"
"16","08",2021,2114,20,27.9,47,1.9,2000,15.5,0.01,0,0,"No Holiday"
"16","08",2021,2127,21,26.8,46,2,2000,14.2,0,0,0,"No Holiday"
"16","08",2021,1943,22,25.9,45,2.1,2000,13,0,0,0,"No Holiday"
"16","08",2021,1446,23,25,44,2.2,2000,11.8,0,0,0,"No Holiday"
"17","08",2021,1109,0,24.1,45,2,2000,11.4,0,0,0,"No Holiday"
"17","08",2021,842,1,23.4,47,2.1,2000,11.4,0,0,0,"No Holiday"
"17","08",2021,572,2,22.8,50,1.4,2000,11.8,0,0,0,"No Holiday"
"17","08",2021,375,3,22.4,52,1.3,2000,12,0,0,0,"No Holiday"
"17","08",2021,276,4,22.1,54,1.6,2000,12.3,0,0,0,"No Holiday"
"17","08",2021,304,5,21.8,55,1.9,2000,12.3,0,0,0,"No Holiday"
"17","08",2021,719,6,21.8,51,2,2000,11.2,0,0,0,"No Holiday"
"17","08",2021,1271,7,22,49,1.7,2000,10.7,0.23,0,0,"No Holiday"
"17","08",2021,1918,8,23.5,44,1.7,1944,10.5,0.98,0,0,"No Holiday"
"17","08",2021,1069,9,25.5,40,2.6,1990,10.8,1.7,0,0,"No Holiday"
"17","08",2021,717,10,27,36,2.2,1977,10.6,2.34,0,0,"No Holiday"
"17","08",2021,844,11,28.8,33,2.2,1951,10.9,2.85,0,0,"No Holiday"
"17","08",2021,904,12,30.3,30,1.9,1981,10.7,3.17,0,0,"No Holiday"
"17","08",2021,820,13,31.3,30,2.1,2000,11.6,3.3,0,0,"No Holiday"
"17","08",2021,791,14,32.7,27,2,1964,11.2,3.21,0,0,"No Holiday"
"17","08",2021,970,15,33.5,26,2.1,2000,11.3,2.9,0,0,"No Holiday"
"17","08",2021,1112,16,33.7,26,1.5,2000,11.5,2.39,0,0,"No Holiday"
"17","08",2021,1666,17,33.1,27,1.9,1975,11.5,1.76,0,0,"No Holiday"
"17","08",2021,2797,18,32.5,28,1.4,2000,11.6,1.06,0,0,"No Holiday"
"17","08",2021,2353,19,31,31,1.5,2000,11.8,0.34,0,0,"No Holiday"
"17","08",2021,2130,20,28.4,40,1.7,1887,13.4,0,0,0,"No Holiday"
"17","08",2021,2008,21,27.1,43,1.6,2000,13.4,0,0,0,"No Holiday"
"17","08",2021,1787,22,26,45,1.7,2000,13.1,0,0,0,"No Holiday"
"17","08",2021,1466,23,25.2,47,1.2,2000,13,0,0,0,"No Holiday"
"18","08",2021,1191,0,24.5,48,1.2,2000,12.7,0,0,0,"No Holiday"
"18","08",2021,969,1,23.9,51,0.9,2000,13.1,0,0,0,"No Holiday"
"18","08",2021,698,2,23.4,53,1.1,2000,13.2,0,0,0,"No Holiday"
"18","08",2021,483,3,23,54,1,1818,13.1,0,0,0,"No Holiday"
"18","08",2021,316,4,22.6,55,1.4,2000,13,0,0,0,"No Holiday"
"18","08",2021,262,5,22,58,1,2000,13.3,0,0,0,"No Holiday"
"18","08",2021,397,6,21.6,60,1,2000,13.4,0,0,0,"No Holiday"
"18","08",2021,475,7,21.7,57,1.3,2000,12.8,0.23,0,0,"No Holiday"
"18","08",2021,754,8,23.2,47,1,2000,11.2,0.93,0,0,"No Holiday"
"18","08",2021,771,9,25.3,42,1.4,1921,11.4,1.7,0,0,"No Holiday"
"18","08",2021,769,10,27,37,1.2,1962,11,2.32,0,0,"No Holiday"
"18","08",2021,857,11,28.4,35,1.6,2000,11.4,2.82,0,0,"No Holiday"
"18","08",2021,952,12,29.8,33,1.5,1936,11.7,3.14,0,0,"No Holiday"
"18","08",2021,1003,13,31.1,30,1.5,2000,11.4,3.24,0,0,"No Holiday"
"18","08",2021,1121,14,31,31,1.8,1999,11.8,2.8,0,0,"No Holiday"
"18","08",2021,1196,15,31.7,30,1.9,1943,11.9,2.23,0,0,"No Holiday"
"18","08",2021,1398,16,31.8,33,2.1,2000,13.5,1.88,0,0,"No Holiday"
"18","08",2021,1806,17,29.9,39,2.9,2000,14.4,0.86,0,0,"No Holiday"
"18","08",2021,1979,18,30.1,37,2.1,2000,13.8,0.88,0,0,"No Holiday"
"18","08",2021,2127,19,28.5,45,1.6,2000,15.4,0.23,0,0,"No Holiday"
"18","08",2021,1965,20,27.6,46,1.2,2000,14.9,0.01,0,0,"No Holiday"
"18","08",2021,1886,21,26.8,48,0.9,2000,14.8,0,0,0,"No Holiday"
"18","08",2021,1681,22,26.3,48,0.8,2000,14.4,0,0,0,"No Holiday"
"18","08",2021,1342,23,25.9,52,1.3,2000,15.2,0,0,0,"No Holiday"
"19","08",2021,1100,0,25.3,53,2.4,2000,15,0,0,0,"No Holiday"
"19","08",2021,844,1,25,57,0.9,2000,15.8,0,0,0,"No Holiday"
"19","08",2021,611,2,24.5,59,0.3,2000,15.9,0,0,0,"No Holiday"
"19","08",2021,425,3,24,59,0.6,2000,15.4,0,0,0,"No Holiday"
"19","08",2021,264,4,23.6,61,0.3,2000,15.6,0,0,0,"No Holiday"
"19","08",2021,223,5,23.4,63,0.3,2000,15.9,0,0,0,"No Holiday"
"19","08",2021,260,6,23.1,64,0.6,2000,15.9,0,0,0,"No Holiday"
"19","08",2021,392,7,23.3,64,1,2000,16,0.1,0,0,"No Holiday"
"19","08",2021,592,8,24.4,58,0.8,2000,15.5,0.45,0,0,"No Holiday"
"19","08",2021,645,9,26.3,50,0.7,1980,15,1.28,0,0,"No Holiday"
"19","08",2021,732,10,27.3,49,0.9,1968,15.6,1.17,0,0,"No Holiday"
"19","08",2021,795,11,28.4,43,1,1914,14.6,1.52,0,0,"No Holiday"
"19","08",2021,926,12,30.9,37,1.8,1858,14.5,2.98,0,0,"No Holiday"
"19","08",2021,943,13,32.4,33,2.7,1893,14,3.1,0,0,"No Holiday"
"19","08",2021,972,14,33.4,31,1.2,1962,13.9,2.73,0,0,"No Holiday"
"19","08",2021,1181,15,33.8,31,1.6,2000,14.3,2.45,0,0,"No Holiday"
"19","08",2021,1395,16,33.3,32,2.4,2000,14.3,1.98,0,0,"No Holiday"
"19","08",2021,1721,17,32.7,33,2.5,1994,14.3,1.18,0,0,"No Holiday"
"19","08",2021,1928,18,32.3,41,1.9,2000,17.3,0.62,0,0,"No Holiday"
"19","08",2021,2186,19,29.7,55,2.5,2000,19.6,0.23,0,0,"No Holiday"
"19","08",2021,2029,20,28.5,58,1.4,2000,19.4,0,0,0,"No Holiday"
"19","08",2021,1821,21,27.9,61,0.7,2000,19.6,0,0,0,"No Holiday"
"19","08",2021,1546,22,27.7,62,0.6,2000,19.7,0,0,0,"No Holiday"
"19","08",2021,1016,23,27.5,60,0.3,2000,19,0,0,0,"No Holiday"
"20","08",2021,818,0,27,62,0.6,2000,19,0,0,0,"No Holiday"
"20","08",2021,527,1,26.6,64,0.2,2000,19.2,0,0,0,"No Holiday"
"20","08",2021,352,2,26.3,65,0.3,2000,19.1,0,0,0,"No Holiday"
"20","08",2021,255,3,26.1,65,0.6,2000,18.9,0,0,0,"No Holiday"
"20","08",2021,193,4,26.2,65,1.1,1542,19,0,0,0,"No Holiday"
"20","08",2021,281,5,25.7,68,0.8,1395,19.3,0,0,0,"No Holiday"
"20","08",2021,675,6,25.3,67,1.5,1450,18.7,0,0,0,"No Holiday"
"20","08",2021,1285,7,25.4,60,1.4,1879,17,0.16,0,0,"No Holiday"
"20","08",2021,1912,8,26.6,54,1.1,1739,16.5,0.75,0,0,"No Holiday"
"20","08",2021,993,9,27.5,54,1,1993,17.3,0.81,0,0,"No Holiday"
"20","08",2021,719,10,29.3,49,2,1875,17.4,1.65,0,0,"No Holiday"
"20","08",2021,766,11,31.2,45,1.9,1810,17.8,2.72,0,0,"No Holiday"
"20","08",2021,808,12,31.7,45,2.5,1814,18.3,1.96,0,0,"No Holiday"
"20","08",2021,847,13,31.6,46,2.7,1864,18.5,1.77,0,0,"No Holiday"
"20","08",2021,816,14,32.1,45,2.8,1966,18.6,1.51,0,0,"No Holiday"
"20","08",2021,992,15,32.9,45,1.9,1877,19.3,1.84,0,0,"No Holiday"
"20","08",2021,1253,16,32.3,45,2.8,1928,18.8,0.98,0,0,"No Holiday"
"20","08",2021,1704,17,32.1,44,2.6,1731,18.3,0.6,0,0,"No Holiday"
"20","08",2021,2628,18,31.6,47,2.1,1867,18.9,0.26,0,0,"No Holiday"
"20","08",2021,2162,19,30.8,55,1.9,1170,20.7,0.06,0,0,"No Holiday"
"20","08",2021,1999,20,29.8,61,3.4,1525,21.4,0,0,0,"No Holiday"
"20","08",2021,1971,21,29.3,63,3.1,1677,21.5,0,0,0,"No Holiday"
"20","08",2021,1630,22,29,63,4.2,1776,21.2,0,0,0,"No Holiday"
"20","08",2021,1241,23,28.5,62,4.9,1882,20.5,0,0,0,"No Holiday"
"21","08",2021,898,0,28.3,59,3.7,1945,19.5,0,0,0,"No Holiday"
"21","08",2021,690,1,28,61,3.9,1890,19.7,0,0,0,"No Holiday"
"21","08",2021,376,2,27.6,60,4.3,1854,19.1,0,0,0,"No Holiday"
"21","08",2021,173,3,26.8,62,4.5,1742,18.9,0,0.1,0,"No Holiday"
"21","08",2021,49,4,25.3,70,6.9,925,19.4,0,0.4,0,"No Holiday"
"21","08",2021,57,5,23.8,86,3.6,420,21.3,0,1,0,"No Holiday"
"21","08",2021,73,6,23.8,89,3.3,882,21.8,0,1.5,0,"No Holiday"
"21","08",2021,608,7,23.4,94,2.4,1773,22.3,0.02,2,0,"No Holiday"
"21","08",2021,1530,8,24,84,3.5,1975,21.1,0.47,0,0,"No Holiday"
"21","08",2021,876,9,24.4,82,3,1847,21.1,0.6,0,0,"No Holiday"
"21","08",2021,402,10,24.8,82,3.2,1732,21.5,0.34,0,0,"No Holiday"
"21","08",2021,681,11,24.7,85,2.3,1438,22,0.27,0,0,"No Holiday"
"21","08",2021,848,12,25.7,74,3.4,1951,20.7,1.16,0,0,"No Holiday"
"21","08",2021,827,13,27.1,66,2.6,1895,20.1,1.54,0,0,"No Holiday"
"21","08",2021,788,14,28.5,58,2.6,1965,19.4,1.93,0,0,"No Holiday"
"21","08",2021,957,15,29.5,57,2,2000,20,2.1,0,0,"No Holiday"
"21","08",2021,1112,16,30.4,53,2,1990,19.7,1.82,0,0,"No Holiday"
"21","08",2021,1663,17,30.8,52,2.3,1953,19.8,1.49,0,0,"No Holiday"
"21","08",2021,2830,18,30.3,56,1.7,2000,20.5,0.8,0,0,"No Holiday"
"21","08",2021,2364,19,29.2,62,1.7,2000,21.1,0.31,0,0,"No Holiday"
"21","08",2021,2169,20,27.7,69,1.6,1992,21.4,0.01,0,0,"No Holiday"
"21","08",2021,2057,21,26.8,72,0.4,1985,21.3,0,0,0,"No Holiday"
"21","08",2021,1828,22,26.1,76,1.2,1867,21.5,0,0,0,"No Holiday"
"21","08",2021,1277,23,25.6,75,0.1,1892,20.8,0,0,0,"No Holiday"
"22","08",2021,1025,0,25.1,79,0.5,1891,21.1,0,0,0,"No Holiday"
"22","08",2021,782,1,24.6,79,0.6,1884,20.7,0,0,0,"No Holiday"
"22","08",2021,512,2,24.2,79,0.6,1882,20.3,0,0,0,"No Holiday"
"22","08",2021,346,3,24.1,80,0.8,1920,20.4,0,0,0,"No Holiday"
"22","08",2021,214,4,23.6,81,0.8,1943,20.1,0,0,0,"No Holiday"
"22","08",2021,289,5,23.4,82,0.4,2000,20.1,0,0,0,"No Holiday"
"22","08",2021,655,6,23.7,78,0.3,2000,19.6,0,0,0,"No Holiday"
"22","08",2021,1330,7,24.3,74,0.6,1999,19.3,0.1,0,0,"No Holiday"
"22","08",2021,1990,8,25.7,66,0.9,1976,18.8,0.64,0,0,"No Holiday"
"22","08",2021,1015,9,28,56,1.5,1982,18.3,1.57,0,0,"No Holiday"
"22","08",2021,700,10,30.2,52,1.4,1923,19.2,2.13,0,0,"No Holiday"
"22","08",2021,710,11,32.1,49,1.6,1874,20,2.63,0,0,"No Holiday"
"22","08",2021,784,12,33.9,45,1.4,1923,20.2,2.95,0,0,"No Holiday"
"22","08",2021,727,13,35.3,41,2.1,1925,20,3.1,0,0,"No Holiday"
"22","08",2021,760,14,36.2,36,1.5,1985,18.7,2.87,0,0,"No Holiday"
"22","08",2021,842,15,36.8,36,1,2000,19.2,2.46,0,0,"No Holiday"
"22","08",2021,993,16,37.4,35,1.3,2000,19.3,2,0,0,"No Holiday"
"22","08",2021,1495,17,36.4,39,1.2,2000,20.2,1.15,0,0,"No Holiday"
"22","08",2021,2528,18,35.4,40,1,2000,19.7,0.34,0,0,"No Holiday"
"22","08",2021,2087,19,35.2,41,0.5,2000,19.9,0.31,0,0,"No Holiday"
"22","08",2021,1808,20,33.2,51,1,2000,21.6,0.02,0,0,"No Holiday"
"22","08",2021,1807,21,33.1,46,2.7,2000,19.9,0,0,0,"No Holiday"
"22","08",2021,1556,22,32.1,47,2,2000,19.3,0,0,0,"No Holiday"
"22","08",2021,1117,23,31.2,50,1.8,2000,19.5,0,0,0,"No Holiday"
"23","08",2021,908,0,30.7,52,1.3,2000,19.7,0,0,0,"No Holiday"
"23","08",2021,745,1,30.1,54,0.8,2000,19.7,0,0,0,"No Holiday"
"23","08",2021,492,2,29.8,53,1.4,2000,19.1,0,0,0,"No Holiday"
"23","08",2021,304,3,29.7,52,1.4,2000,18.7,0,0,0,"No Holiday"
"23","08",2021,168,4,29.3,54,1,2000,19,0,0,0,"No Holiday"
"23","08",2021,185,5,28.5,57,0.9,2000,19.1,0,0.1,0,"No Holiday"
"23","08",2021,492,6,28.3,55,1.5,2000,18.3,0,0,0,"No Holiday"
"23","08",2021,720,7,28.3,55,1.1,2000,18.3,0.03,0,0,"No Holiday"
"23","08",2021,1678,8,28.1,58,1.3,2000,19,0.14,0,0,"No Holiday"
"23","08",2021,924,9,29.3,54,1.5,2000,19,0.82,0,0,"No Holiday"
"23","08",2021,551,10,30.2,52,1.8,2000,19.2,0.93,0,0,"No Holiday"
"23","08",2021,711,11,29.9,57,1.7,1992,20.4,0.88,0.1,0,"No Holiday"
"23","08",2021,769,12,31.9,49,1.9,2000,19.8,1.85,0,0,"No Holiday"
"23","08",2021,584,13,31,53,1.9,2000,20.2,0.79,0,0,"No Holiday"
"23","08",2021,740,14,30.5,59,2,2000,21.5,0.84,0.1,0,"No Holiday"
"23","08",2021,837,15,32,53,2.1,1992,21.2,1.57,0,0,"No Holiday"
"23","08",2021,944,16,31.7,56,1.9,2000,21.8,0.92,0,0,"No Holiday"
"23","08",2021,1249,17,30.8,59,2.2,2000,21.8,0.41,0,0,"No Holiday"
"23","08",2021,1447,18,30.6,55,2.3,2000,20.5,0.11,0,0,"No Holiday"
"23","08",2021,582,19,30,59,2.2,1970,21.1,0.01,0,0,"No Holiday"
"23","08",2021,257,20,29.2,62,2.1,1952,21.1,0,0.1,0,"No Holiday"
"23","08",2021,189,21,27.8,72,2,2000,22.2,0,0.1,0,"No Holiday"
"23","08",2021,215,22,26.6,84,1.7,1815,23.6,0,1.5,0,"No Holiday"
"23","08",2021,267,23,26.1,84,1.9,1801,23.1,0,0.5,0,"No Holiday"
"24","08",2021,238,0,25.7,83,2,2000,22.5,0,0.5,0,"No Holiday"
"24","08",2021,208,1,25.7,80,2,2000,21.9,0,0.2,0,"No Holiday"
"24","08",2021,83,2,25.4,85,2,1453,22.6,0,0.8,0,"No Holiday"
"24","08",2021,62,3,24.8,87,2.2,1286,22.4,0,1,0,"No Holiday"
"24","08",2021,30,4,24.5,88,2,1433,22.3,0,1,0,"No Holiday"
"24","08",2021,45,5,24.6,88,1.5,1967,22.4,0,0.5,0,"No Holiday"
"24","08",2021,173,6,24.9,88,1.1,2000,22.7,0,0.5,0,"No Holiday"
"24","08",2021,400,7,24.2,88,2.3,2000,22,0.05,0,0,"No Holiday"
"24","08",2021,578,8,24.4,86,1.7,2000,21.8,0.13,0,0,"No Holiday"
"24","08",2021,484,9,24.8,85,1.7,2000,22,0.32,0,0,"No Holiday"
"24","08",2021,286,10,26,77,2.2,2000,21.6,0.61,0,0,"No Holiday"
"24","08",2021,415,11,26.2,76,2.6,1995,21.6,0.88,0,0,"No Holiday"
"24","08",2021,355,12,25.8,81,3.2,1828,22.2,0.8,0,0,"No Holiday"
"24","08",2021,274,13,25.8,78,2.8,2000,21.6,0.95,0,0,"No Holiday"
"24","08",2021,152,14,24.4,93,2.9,250,23.1,0.26,1.5,0,"No Holiday"
"24","08",2021,405,15,24,94,3.1,1188,22.9,0.41,0.5,0,"No Holiday"
"24","08",2021,455,16,24.6,85,2.7,1973,21.9,0.55,0,0,"No Holiday"
"24","08",2021,403,17,24.1,89,1.9,2000,22.1,0.58,0,0,"No Holiday"
"24","08",2021,916,18,23.8,95,2.7,1938,22.9,0.11,1.5,0,"No Holiday"
"24","08",2021,948,19,23.6,86,3,1275,21.1,0.04,0,0,"No Holiday"
"24","08",2021,1162,20,23.5,81,3.5,2000,20,0,0,0,"No Holiday"
"24","08",2021,1300,21,23.5,79,3.6,2000,19.6,0,0,0,"No Holiday"
"24","08",2021,1202,22,23.5,79,2.9,1860,19.6,0,0,0,"No Holiday"
"24","08",2021,1084,23,23.4,79,2.7,1990,19.5,0,0,0,"No Holiday"
"25","08",2021,980,0,23.2,81,2.4,1976,19.7,0,0,0,"No Holiday"
"25","08",2021,886,1,23,82,2.1,1922,19.7,0,0,0,"No Holiday"
"25","08",2021,708,2,22.9,82,2.1,1829,19.6,0,0,0,"No Holiday"
"25","08",2021,456,3,23.1,80,2,1849,19.4,0,0,0,"No Holiday"
"25","08",2021,306,4,23.2,79,1.8,1941,19.3,0,0,0,"No Holiday"
"25","08",2021,232,5,23.3,79,1.7,1592,19.4,0,0,0,"No Holiday"
"25","08",2021,318,6,23.5,79,2,1439,19.6,0,0,0,"No Holiday"
"25","08",2021,490,7,23.7,76,1.9,1281,19.2,0.08,0,0,"No Holiday"
"25","08",2021,721,8,24.1,78,2,1133,20,0.34,0,0,"No Holiday"
"25","08",2021,808,9,25.3,72,2.4,1220,19.8,1.08,0,0,"No Holiday"
"25","08",2021,858,10,26.3,67,3.2,1673,19.6,1.48,0,0,"No Holiday"
"25","08",2021,916,11,28,57,3.3,1827,18.6,2.71,0,0,"No Holiday"
"25","08",2021,1070,12,27.9,55,2.9,1922,18,1.49,0,0,"No Holiday"
"25","08",2021,1231,13,28.6,54,2.9,1925,18.3,1.85,0,0,"No Holiday"
"25","08",2021,1261,14,29.2,52,3.1,1735,18.3,2.68,0,0,"No Holiday"
"25","08",2021,1516,15,28.1,53,4.5,1953,17.6,1.6,0,0,"No Holiday"
"25","08",2021,1592,16,27.2,58,3.7,1987,18.2,0.99,0,0,"No Holiday"
"25","08",2021,1797,17,26.9,60,2.8,2000,18.4,0.77,0,0,"No Holiday"
"25","08",2021,2080,18,27.1,56,3,1987,17.5,0.87,0,0,"No Holiday"
"25","08",2021,2043,19,25.8,62,3.3,2000,17.9,0.27,0,0,"No Holiday"
"25","08",2021,2022,20,24.6,65,2.9,2000,17.5,0,0,0,"No Holiday"
"25","08",2021,1937,21,23.9,71,2.3,2000,18.3,0,0,0,"No Holiday"
"25","08",2021,1717,22,23.4,75,1.6,2000,18.7,0,0,0,"No Holiday"
"25","08",2021,1357,23,22.9,78,1.4,2000,18.8,0,0,0,"No Holiday"
"26","08",2021,1163,0,22.8,78,1.5,2000,18.7,0,0,0,"No Holiday"
"26","08",2021,769,1,22.5,80,0.6,2000,18.8,0,0,0,"No Holiday"
"26","08",2021,600,2,22.1,84,0.6,2000,19.2,0,0,0,"No Holiday"
"26","08",2021,426,3,21.6,85,0.1,1982,18.9,0,0,0,"No Holiday"
"26","08",2021,290,4,21.2,86,0.5,1724,18.7,0,0,0,"No Holiday"
"26","08",2021,188,5,20.7,88,0.6,1100,18.6,0,0,0,"No Holiday"
"26","08",2021,243,6,20.4,88,0.6,1064,18.3,0,0,0,"No Holiday"
"26","08",2021,381,7,20.7,85,0.5,1052,18,0.11,0,0,"No Holiday"
"26","08",2021,566,8,22.1,74,1,1479,17.2,0.77,0,0,"No Holiday"
"26","08",2021,725,9,24.2,64,1.2,1985,16.9,1.48,0,0,"No Holiday"
"26","08",2021,681,10,26.3,53,1.6,2000,15.9,2.19,0,0,"No Holiday"
"26","08",2021,791,11,28,46,1.7,1990,15.2,2.73,0,0,"No Holiday"
"26","08",2021,1070,12,28.9,42,2,1975,14.6,2.5,0,0,"No Holiday"
"26","08",2021,657,13,27.8,54,3.5,2000,17.6,1.15,0,0,"No Holiday"
"26","08",2021,417,14,25.8,69,3.6,1309,19.6,0.56,0.1,0,"No Holiday"
"26","08",2021,782,15,24.3,64,1.8,1931,17,0.59,0,0,"No Holiday"
"26","08",2021,1025,16,23.5,56,2.3,2000,14.2,0.5,0.1,0,"No Holiday"
"26","08",2021,1399,17,23.5,58,1.2,2000,14.7,0.52,0,0,"No Holiday"
"26","08",2021,1479,18,23.4,67,0.6,2000,16.9,0.36,0,0,"No Holiday"
"26","08",2021,1596,19,22.7,69,1.9,2000,16.7,0.08,0,0,"No Holiday"
"26","08",2021,1674,20,22.4,64,0.8,2000,15.2,0,0,0,"No Holiday"
"26","08",2021,1276,21,22.5,65,1.1,2000,15.5,0,0,0,"No Holiday"
"26","08",2021,764,22,21.2,81,1,1808,17.8,0,1.3,0,"No Holiday"
"26","08",2021,348,23,20.8,84,0.9,1078,17.9,0,0.5,0,"No Holiday"
"27","08",2021,325,0,20.5,85,1,2000,17.8,0,0,0,"No Holiday"
"27","08",2021,61,1,20.5,89,0.5,235,18.6,0,1.5,0,"No Holiday"
"27","08",2021,44,2,20.3,97,0.7,315,19.8,0,1,0,"No Holiday"
"27","08",2021,22,3,20.3,97,0.4,200,19.8,0,1.5,0,"No Holiday"
"27","08",2021,27,4,20.5,97,0.1,257,20,0,3.5,0,"No Holiday"
"27","08",2021,38,5,20.5,97,0.4,384,20,0,3,0,"No Holiday"
"27","08",2021,47,6,20.6,98,0.7,626,20.2,0,1,0,"No Holiday"
"27","08",2021,103,7,20.8,98,0.5,299,20.4,0.02,2,0,"No Holiday"
"27","08",2021,328,8,21.3,97,1.3,1029,20.7,0.17,0.5,0,"No Holiday"
"27","08",2021,75,9,21.5,97,0.9,1543,20.9,0.19,0.5,0,"No Holiday"
"27","08",2021,104,10,21.7,97,1,1249,21.1,0.29,2.5,0,"No Holiday"
"27","08",2021,148,11,22,96,1.6,602,21.3,0.36,0.5,0,"No Holiday"
"27","08",2021,137,12,22.6,90,1.4,1963,20.8,1.02,1,0,"No Holiday"
"27","08",2021,149,13,22.9,92,1.2,459,21.5,1.09,0.5,0,"No Holiday"
"27","08",2021,231,14,23.3,89,1.5,1435,21.3,1.23,0.5,0,"No Holiday"
"27","08",2021,580,15,24.4,87,1.5,1153,22,1.44,0,0,"No Holiday"
"27","08",2021,886,16,24.7,85,1.2,1143,22,0.99,0,0,"No Holiday"
"27","08",2021,1356,17,24.9,82,0.9,2000,21.6,0.67,0,0,"No Holiday"
"27","08",2021,2153,18,24.8,83,0.8,1947,21.7,0.26,0,0,"No Holiday"
"27","08",2021,1615,19,24.7,83,0.4,2000,21.6,0.1,0,0,"No Holiday"
"27","08",2021,1560,20,24.4,85,0.7,2000,21.7,0.01,0,0,"No Holiday"
"27","08",2021,1762,21,23.9,88,0.8,2000,21.7,0,0,0,"No Holiday"
"27","08",2021,1571,22,23.5,88,0.6,2000,21.3,0,0,0,"No Holiday"
"27","08",2021,1113,23,23.6,87,0.6,2000,21.3,0,0,0,"No Holiday"
"28","08",2021,870,0,23.5,88,0.6,2000,21.3,0,0,0,"No Holiday"
"28","08",2021,653,1,23.1,94,0.6,2000,22,0,0,0,"No Holiday"
"28","08",2021,482,2,23.2,88,0.6,2000,21,0,0,0,"No Holiday"
"28","08",2021,281,3,22.9,93,0.6,2000,21.7,0,0,0,"No Holiday"
"28","08",2021,200,4,22.6,95,0.4,1919,21.7,0,0,0,"No Holiday"
"28","08",2021,218,5,22.5,96,0.3,1605,21.8,0,0,0,"No Holiday"
"28","08",2021,581,6,22.5,90,0.6,1149,20.7,0,0,0,"No Holiday"
"28","08",2021,1182,7,22.6,88,0.8,2000,20.5,0.06,0,0,"No Holiday"
"28","08",2021,1841,8,23.4,83,0.8,1998,20.3,0.32,0,0,"No Holiday"
"28","08",2021,865,9,24.2,80,1.2,1708,20.5,0.57,0,0,"No Holiday"
"28","08",2021,670,10,25.4,75,0.7,1995,20.6,0.96,0,0,"No Holiday"
"28","08",2021,411,11,25.9,79,1.7,1900,21.9,0.9,0,0,"No Holiday"
"28","08",2021,25,12,25.2,89,1.4,340,23.2,0.32,2,0,"No Holiday"
"28","08",2021,31,13,24.6,97,0.5,765,24,0.1,9.5,0,"No Holiday"
"28","08",2021,126,14,24.9,97,0.5,766,24.3,0.36,4,0,"No Holiday"
"28","08",2021,122,15,25.2,96,0.6,1754,24.5,0.51,0.5,0,"No Holiday"
"28","08",2021,60,16,25,97,0.7,1181,24.4,0.17,2.5,0,"No Holiday"
"28","08",2021,39,17,24.8,96,1.8,564,24.1,0.14,2.5,0,"No Holiday"
"28","08",2021,96,18,24.3,97,0.8,105,23.7,0.01,18.5,0,"No Holiday"
"28","08",2021,84,19,23.9,98,0.8,1792,23.5,0,7,0,"No Holiday"
"28","08",2021,10,20,23.3,97,3.3,183,22.7,0,15.5,0,"No Holiday"
"28","08",2021,122,21,22.9,98,2.1,1146,22.5,0,29.5,0,"No Holiday"
"28","08",2021,64,22,22.9,97,1.3,2000,22.3,0,0.5,0,"No Holiday"
"28","08",2021,59,23,22.8,97,1,600,22.2,0,3.5,0,"No Holiday"
"29","08",2021,208,0,22.7,96,0.3,2000,22,0,1,0,"No Holiday"
"29","08",2021,334,1,22.8,97,0.5,2000,22.2,0,0.5,0,"No Holiday"
"29","08",2021,243,2,24.2,91,3.6,1735,22.6,0,0,0,"No Holiday"
"29","08",2021,171,3,24.5,87,4.3,1985,22.1,0,0,0,"No Holiday"
"29","08",2021,128,4,24.6,86,4,1968,22,0,0,0,"No Holiday"
"29","08",2021,109,5,24.6,87,3.6,1966,22.2,0,0,0,"No Holiday"
"29","08",2021,346,6,24.7,85,3.8,2000,22,0,0,0,"No Holiday"
"29","08",2021,862,7,25,85,3,2000,22.2,0.02,0,0,"No Holiday"
"29","08",2021,1595,8,25.3,83,3.4,1982,22.1,0.14,0,0,"No Holiday"
"29","08",2021,867,9,25.8,79,2.7,1963,21.8,0.3,0,0,"No Holiday"
"29","08",2021,642,10,26.4,78,2.7,2000,22.2,0.44,0,0,"No Holiday"
"29","08",2021,671,11,26.9,74,3.2,2000,21.8,0.45,0,0,"No Holiday"
"29","08",2021,648,12,27.4,72,4.2,1989,21.8,0.54,0,0,"No Holiday"
"29","08",2021,540,13,27.1,75,3.7,1972,22.2,0.28,0,0,"No Holiday"
"29","08",2021,490,14,26.8,77,3.5,1965,22.4,0.11,0,0,"No Holiday"
"29","08",2021,583,15,26.9,77,2.5,1937,22.5,0.26,0,0,"No Holiday"
"29","08",2021,193,16,27,76,3.8,1875,22.3,0.21,0,0,"No Holiday"
"29","08",2021,160,17,24.6,93,0.9,1451,23.3,0,1.5,0,"No Holiday"
"29","08",2021,57,18,23.9,96,0.2,991,23.2,0,1.5,0,"No Holiday"
"29","08",2021,24,19,23.5,97,0.3,323,22.9,0,6.5,0,"No Holiday"
"29","08",2021,19,20,23.4,98,0.6,70,23,0,21,0,"No Holiday"
"29","08",2021,22,21,23.7,98,0.6,410,23.3,0,5.5,0,"No Holiday"
"29","08",2021,74,22,24.3,97,2.1,1028,23.7,0,4.5,0,"No Holiday"
"29","08",2021,198,23,24.2,94,0.9,1808,23.1,0,1,0,"No Holiday"
"30","08",2021,214,0,24.7,94,2.8,1270,23.6,0,0,0,"No Holiday"
"30","08",2021,99,1,24.9,92,2.2,1125,23.5,0,0.5,0,"No Holiday"
"30","08",2021,80,2,24.7,96,1,337,24,0,6.5,0,"No Holiday"
"30","08",2021,81,3,24.1,97,2.5,1989,23.5,0,1.5,0,"No Holiday"
"30","08",2021,42,4,23.9,96,0.4,1797,23.2,0,0,0,"No Holiday"
"30","08",2021,73,5,24,97,0.9,1347,23.4,0,0.5,0,"No Holiday"
"30","08",2021,285,6,24.2,96,1.6,1206,23.5,0,0,0,"No Holiday"
"30","08",2021,771,7,24.3,96,1.4,1025,23.6,0.04,0,0,"No Holiday"
"30","08",2021,1330,8,24.6,96,1,883,23.9,0.19,0,0,"No Holiday"
"30","08",2021,846,9,25,92,1.1,782,23.6,0.39,0,0,"No Holiday"
"30","08",2021,589,10,26.1,81,1.5,860,22.5,1.05,0,0,"No Holiday"
"30","08",2021,716,11,26.2,82,2.6,834,22.8,0.59,0,0,"No Holiday"
"30","08",2021,768,12,27,74,2.5,915,21.9,0.94,0,0,"No Holiday"
"30","08",2021,865,13,28.2,66,2.2,1006,21.2,1.81,0,0,"No Holiday"
"30","08",2021,837,14,27.5,66,2.8,989,20.5,0.76,0,0,"No Holiday"
"30","08",2021,982,15,27.2,69,3.5,963,21,0.95,0,0,"No Holiday"
"30","08",2021,1142,16,27.6,68,2.1,1038,21.1,1.46,0,0,"No Holiday"
"30","08",2021,1473,17,26.8,73,2.6,916,21.5,0.37,0,0,"No Holiday"
"30","08",2021,1887,18,26.1,72,2.4,1066,20.6,0.19,0,0,"No Holiday"
"30","08",2021,1707,19,25.1,74,2.1,1105,20.1,0,0.5,0,"No Holiday"
"30","08",2021,1685,20,24.9,70,1.2,1377,19,0,0,0,"No Holiday"
"30","08",2021,1732,21,24.8,72,1.4,1298,19.4,0,0,0,"No Holiday"
"30","08",2021,1582,22,24.6,71,1.5,1319,18.9,0,0,0,"No Holiday"
"30","08",2021,1173,23,24.3,71,0.8,1549,18.6,0,0,0,"No Holiday"
"31","08",2021,861,0,23.9,75,1.7,1192,19.1,0,0,0,"No Holiday"
"31","08",2021,652,1,23.7,77,1.1,1099,19.4,0,0,0,"No Holiday"
"31","08",2021,381,2,23.4,79,0.4,1045,19.5,0,0,0,"No Holiday"
"31","08",2021,297,3,23.3,81,1.7,1068,19.8,0,0,0,"No Holiday"
"31","08",2021,170,4,23.2,83,1.6,1102,20.1,0,0,0,"No Holiday"
"31","08",2021,217,5,23.1,84,0.5,1022,20.2,0,0,0,"No Holiday"
"31","08",2021,436,6,22.9,83,0,1239,19.8,0,0,0,"No Holiday"
"31","08",2021,828,7,22.9,83,0.6,1127,19.8,0.01,0,0,"No Holiday"
"31","08",2021,1686,8,23.1,80,0.2,1066,19.4,0.27,0.1,0,"No Holiday"
"31","08",2021,1049,9,24.1,69,0.9,1662,18,0.76,0,0,"No Holiday"
"31","08",2021,794,10,25.5,53,2.3,1843,15.2,1.81,0,0,"No Holiday"
"31","08",2021,868,11,26.7,51,2.7,1925,15.7,2.65,0,0,"No Holiday"
"31","08",2021,982,12,27.8,47,2.9,1905,15.4,2.99,0,0,"No Holiday"
"31","08",2021,965,13,28.7,46,2.6,1815,15.9,3.1,0,0,"No Holiday"
"31","08",2021,987,14,29.3,41,1.9,1928,14.6,3,0,0,"No Holiday"
"31","08",2021,1119,15,30.3,41,2.5,1864,15.5,2.72,0,0,"No Holiday"
"31","08",2021,1404,16,29.7,51,3,2000,18.4,2.27,0,0,"No Holiday"
"31","08",2021,1869,17,29.1,49,2.8,1969,17.2,1.57,0,0,"No Holiday"
"31","08",2021,2836,18,28.4,57,2.4,2000,19,0.84,0,0,"No Holiday"
"31","08",2021,2372,19,26.5,69,2.3,2000,20.3,0.18,0,0,"No Holiday"
"31","08",2021,1995,20,25.4,74,1.6,2000,20.4,0,0,0,"No Holiday"
"31","08",2021,1931,21,24.5,78,1.2,2000,20.4,0,0,0,"No Holiday"
"31","08",2021,1789,22,24.1,80,0.9,1852,20.4,0,0,0,"No Holiday"
"31","08",2021,1329,23,23.8,81,0.6,1893,20.3,0,0,0,"No Holiday"
